0	wp75_2009.txt.pdf	0.3706721874322122	0.006985968980100031	0.054141259595775204	0.008042670170367267	0.008233463440832181	0.0019959911371714377	0.0	0.02307864752354475	0.004615729504708949	0.0335041369453777	0.23698556309416258	0.004241481166489305	0.12350195161248269	0.0	0.0	0.06911119312456103	0.054889756272214534
0	2005_rwss.txt.pdf	0.0901798710691042	0.0599614322372586	0.31819256571707216	0.04514321036754669	0.059067732457671	0.013521956155176405	0.0023393161369374654	0.07350617393922333	0.013245997866295257	0.02569124651688557	0.06835409718185471	0.023377971004849087	0.03005472045862566	0.005043201022488563	0.00869192658152999	0.09981993606138052	0.06380864522610076
0	wp72_2009.txt.pdf	0.025987397025081876	0.035656481845714696	0.026067049228117173	0.012489302464675462	0.014856867435714459	0.006212871836753319	0.0	0.007563496149090995	0.0	0.002836311055909124	0.021928597809544044	0.005942746974285783	0.013606674161986505	0.0010804994498701422	0.003376560780844195	0.7964631569855288	0.025931986796883414
0	wp137_2014.txt.pdf	0.052185789081098034	0.1146550660972025	0.03488238157249188	0.0034882381572491888	0.0067273164461234365	0.0024915986837494206	0.11174820096616153	0.13417258911990632	0.03575444111180419	0.03176788321780512	0.04198456524139663	0.09679860886366501	0.021494830183269056	0.0029899184204993053	0.00568084499894868	0.09044503222010396	0.21273269561852565
0	wp104_2011.txt.pdf	0.019688269073010665	0.15996718621821163	0.0	0.00328137817883511	0.004101722723543888	0.003691550451189499	0.0	0.1136177194421657	0.005332239540607055	0.09885151763740771	0.019688269073010665	0.02091878589007383	0.007383100902379003	0.004922067268252665	0.005332239540607055	0.08203445447087776	0.4511894995898276
0	policybrief25.txt.pdf	0.13133214845010613	0.038405509252786345	0.24762409299177482	0.009022246618114887	0.008778402114922592	0.10040297418942713	0.0	0.025603672835190897	0.034382074950113486	0.018288337739422067	0.170084299398607	0.027066739854344667	0.08520489659623046	0.01133876939844168	0.023701685710290993	0.011704536153230123	0.05705961374699685
0	PN_FinancialPolicyNote.txt.pdf	0.08318142814340147	0.2029774393890412	0.03567013760754095	0.014074285374924327	0.03180495241786934	0.00331301587686139	0.0	0.05687343921945385	0.02915453971638023	0.038178563914307434	0.05963028817762041	0.024295449763650192	0.030683623967239334	0.0	0.011153820118766679	0.14168664566710548	0.23732237064583755
0	policybrief35.txt.pdf	0.0485797325027792	0.19518262228405966	0.01799556091980692	0.030058519338578605	0.019379834836715147	0.06921369584541118	0.053986682759420763	0.04521961461900201	0.14027309024670007	0.018456985558776326	0.04067958338103027	0.07890361326376881	0.017818089904818677	0.0	0.05260240884251253	0.10889621479678036	0.06275375089983953
0	2008wess.txt.pdf	0.11255365001792125	0.08806970159834301	0.12257557170850472	0.017282944258805447	0.016214070984324844	0.021907046092067915	0.00564103190420528	0.0873892456319978	0.02176939660269275	0.054658348991299205	0.0776508116134283	0.03733677470297196	0.04226099039835558	0.008819955960718752	0.01974984484914302	0.08644907364796357	0.1796715410372566
0	wp103_2011.txt.pdf	0.008161125204095846	0.05755764014172914	0.6457473872700795	0.04343148894055856	0.11751625612937044	0.028203243669447306	0.0	0.012383115150492017	0.003552128648746713	0.0009373672823081604	0.023308103417393554	0.005229522732877104	0.0011347077627940887	0.0	0.0014800536036444637	0.030242428634468542	0.02111543141199435
0	wp59_2007.txt.pdf	0.054988427839312286	0.13122003636964788	0.0018598115390973716	0.0018598115390973716	0.01115886923458423	0.005579434617292114	0.015498429492478096	0.07315258720449663	0.01735824103157547	0.11654818978343533	0.019032071416763104	0.044015539758637784	0.013948586543230288	0.0	0.009299057695486859	0.10259960324020502	0.38188130269466025
0	2009_cdp_mdghealth.txt.pdf	0.012821354094191929	0.05852941861966664	0.7141400273117364	0.0118632283117331	0.05343482726774479	0.027986452372318553	0.0116272217585478	0.009218199068616121	0.002617968535486978	0.00636670282339087	0.03911552988315839	0.006821467310775931	0.004277244367837883	0.0013028388016977453	0.00167156676444239	0.014273869135581584	0.023932083573072978
0	2005_World_Public_Sector_Report.txt.pdf	0.021080851659975405	0.05625028599823647	0.38850257867647625	0.09393402647910923	0.04799149501297652	0.016246060075114158	0.0024436970586522683	0.07779102303376391	0.04045676241546532	0.04131658175091705	0.03013544934010354	0.015069465195022325	0.008535534455577434	0.0012671021785604353	0.0028600306316078398	0.07003756446495361	0.08608149157348788
0	2010_rwss.txt.pdf	0.21341916104450037	0.05062174203133054	0.20620847819023097	0.028540712325747508	0.02887293475712174	0.01688816007370728	0.0061740246483204825	0.06837781611310847	0.011559036562031316	0.022136034059735975	0.14024563012693403	0.021520322336478097	0.07101266344705012	0.00426066876689209	0.006002414378542883	0.034679739728542644	0.06948046140972541
0	wp157_2019.txt.pdf	0.019572916732907713	0.08933594596587344	0.06381138997562384	0.031641704751325855	0.022333986491468356	0.05861648835581352	0.003926854767730701	0.024051985452350533	0.009080851650377246	0.03362369394869411	0.013498563264074285	0.040495689792222844	0.005644853728612883	0.03681426344747532	0.018407131723737657	0.2827335432766104	0.2464101366751014
0	PN_SOEReformNote.txt.pdf	0.048099379152753446	0.06996638683297456	0.0980659044510612	0.06168076094522936	0.007201383912172963	0.024075214843637074	0.04394962240517322	0.10494958024946185	0.029652757285418083	0.041831568313357645	0.03731640730179272	0.0963714611776088	0.015220119467469623	0.004659719001994271	0.018448251139713677	0.16227824433460353	0.13623323918557792
0	wp140_2015.txt.pdf	0.13681226375472486	0.01007979840403192	0.0	0.0	0.0	0.0	0.0	0.251837463250735	0.049611507769844604	0.021734565308693825	0.09145317093658129	0.3217660646787064	0.04535909281814365	0.0	0.0	0.00897732045359093	0.06236875262494751
0	wp4_2005.txt.pdf	0.014895160982316769	0.2115876713898331	0.0022915632280487335	0.0022915632280487335	0.004468548294695031	0.001833250582438987	0.0	0.08318374517816905	0.0549975174731696	0.068746896841462	0.014436848336707022	0.02795707138219455	0.00824962762097544	0.0	0.006416377038536454	0.19249131115609364	0.3061528472673108
0	wp29_2006.txt.pdf	0.015006026739922665	0.054294724252244214	0.0797728311020028	0.020733907643251837	0.005622754615119142	0.0026356662258370978	0.0	0.2336957386908893	0.08715269653434671	0.06079603427597572	0.012448454328184448	0.04744199206506777	0.004541455650673153	0.0	0.05411901317052175	0.026649514061241775	0.2950891906447215
0	wp3_2005.txt.pdf	0.04307148279257423	0.12180416174203887	0.037196923099276885	0.014277981448874974	0.012609126474331147	0.0020174602358929835	0.0	0.1185257888587128	0.007943749678828622	0.11259949941577711	0.02933076804490568	0.03568382792235716	0.014869069911653566	0.0	0.009885555155875615	0.07010674319728118	0.3700778620216191
0	2014_Urbanization-out.txt.pdf	0.1636078521534952	0.013413392964342368	0.0861724852522584	0.007295529618361541	0.0075104459623528	0.01185859888792547	0.006008356769882239	0.10293263834719307	0.04288859931133046	0.004664382229250686	0.3055372475042207	0.021503592650104854	0.11909682083135	0.0	0.005897676513594933	0.020093737004540372	0.08151864399979701
0	wp66_2008.txt.pdf	0.03196853188770874	0.20541324398263439	0.011162237113205355	0.008424329896758757	0.0021060824741896897	0.0012636494845138138	0.0033697319587035037	0.11330723711140529	0.04064739175186101	0.06360369072052863	0.022743890650757884	0.04886111340120079	0.010832824213396198	0.0016848659793517514	0.016975024741968898	0.1192042680391364	0.298431886592679
0	policybrief2.txt.pdf	0.0022838718344864633	0.09279908645126615	0.7663733458722375	0.0	0.031638342177738955	0.030429233559481413	0.0	0.0012091086182575395	0.0	0.0036273258547726184	0.060757708067441366	0.0012091086182575395	0.0	0.0	0.0	0.0012091086182575395	0.008463760327802779
0	wp156_2018.txt.pdf	0.035283760384312364	0.13075850420980994	0.046613710283177755	0.014120049818057274	0.01623389014341353	0.029327140232286684	0.03283317331256306	0.10324962927225712	0.043638367073613224	0.051207222606716	0.03086701084074555	0.06336959046335701	0.015873850861644372	0.010961790772079876	0.023458232252250934	0.1371963813299203	0.21500769614379522
0	wp18_2006.txt.pdf	0.08578995411036948	0.05852953252359611	0.04942493857548116	0.04951237765301404	0.15510326118752973	0.0	0.0	0.162582034787767	0.047799118227603486	0.04552296974057475	0.05706515727320001	0.0832420018113367	0.02821423619086173	0.0	0.0016258203478776696	0.07348707972407065	0.10210151784671766
0	2015_World_Youth_Report.txt.pdf	0.013488185255509344	0.023716165558370535	0.14070244055226458	0.2064909071628924	0.20213764025389583	0.00515422348072541	0.0029869791849084105	0.145620849886813	0.012689046913332716	0.011184328075822467	0.011745790328624803	0.014081473300282504	0.004548708035780133	0.0024255169321060776	0.0012352169561651322	0.14865574051729388	0.0531367876052128
0	policybrief13.txt.pdf	0.06600751984403282	0.0839994429745161	0.026068792647263615	0.013034396323631807	0.026068792647263615	0.0	0.0	0.03149979111544353	0.0	0.1694471522072135	0.046455925358585164	0.0	0.022559532098593522	0.0	0.032585990809079514	0.07168917977997494	0.41058348419440194
0	wp98_2010.txt.pdf	0.1236815134554225	0.08160962527011326	0.3440916469722152	0.04753306312417937	0.02647971883764313	0.013119277821200242	0.003472750011494181	0.04254118764080372	0.0281678612043417	0.021318826459450397	0.09518503981353718	0.008874805584929573	0.04214048571640055	0.0	0.0030868888991059393	0.06402078956374924	0.05467651962541394
0	policybrief3.txt.pdf	0.1902729417050431	0.05247568361630406	0.29473842297824127	0.028236915469725517	0.017491894538768017	0.010495136723260811	0.0	0.021864868173460027	0.0	0.03935676271222804	0.13516463961775285	0.00874594726938401	0.06297082033956491	0.0	0.0	0.010495136723260811	0.12769083013300653
0	2016_rwss.txt.pdf	0.09244863985865838	0.04504624792294541	0.3142064466341826	0.08060261981535623	0.09106790672611206	0.014974034906669384	0.002057230220103019	0.0745213912489042	0.010853662885371101	0.014469016979074304	0.07371043466983748	0.013797630269311623	0.03243229808310508	0.003440540195689532	0.004288260924318189	0.08371744679600837	0.04836619186435305
0	wp141_2015.txt.pdf	0.03521075138226061	0.10363841316967642	0.273522775488342	0.019154545325792877	0.035997993677374315	0.08867798442475136	0.042040698498396985	0.05474587273747029	0.023654348786567348	0.011362350945512701	0.03745338105372845	0.052060226150349095	0.014625385063198392	0.014977644428175832	0.019625878905885574	0.08693920041642293	0.08631254954609469
0	2013_youth_report-out.txt.pdf	0.01946445818453813	0.031460764906987265	0.29729996539475506	0.17653163870015284	0.14417385760898496	0.01680323148261629	0.00025577857647957124	0.09634326380730517	0.00835543349833266	0.007417578717907565	0.025198690663165765	0.008653841837558829	0.006747526293198264	0.005925537021776734	0.002088858374583165	0.11880914877476086	0.034470426156896876
0	1998wess_clean.txt.pdf	0.015017420258674577	0.11951156358533735	0.014308913500310706	0.008060329767957668	0.0029937088529018835	0.00856251472757954	0.026030044771841808	0.16394361531738968	0.02920134652279719	0.08283440173495468	0.01233618204731519	0.08225088221277889	0.0056816716908398655	0.007611124202292926	0.014319061665913754	0.0681449320245293	0.339192287116585
0	2011_rwss.txt.pdf	0.09513885566280406	0.08038794093851859	0.2447573563571394	0.04001436886948611	0.04683505869942343	0.01739190819020555	0.009271713612815063	0.13971102503935673	0.016756587343074756	0.03258004719192616	0.0678341255719292	0.037364807321879974	0.031375584752574036	0.004844321459372324	0.007274423699647621	0.039370038745636535	0.0890918365442105
0	wp146_2015.txt.pdf	0.033720223186316046	0.03445591208864761	0.19470197587694466	0.26808203623513316	0.09865963069969719	0.04247322923500199	0.027616874823089492	0.06377753227118706	0.018712087298433187	0.007271670121485752	0.03694995863328874	0.030655332728462093	0.01409693278006705	0.01019838841506246	0.013501583246843755	0.06268448965836325	0.04244214270197676
0	wp9_2006.txt.pdf	0.04124103710785046	0.13438627302344316	0.03662972594198508	0.0253029933270132	0.022951537140864068	0.01275085396714671	0.0	0.11220751491089098	0.01877853038797969	0.0648140810745613	0.026688437127421374	0.043816570905285956	0.01480169061920526	0.010200683173717365	0.03333768728137631	0.24829390179662045	0.15379848221463865
0	wp2_2005.txt.pdf	0.27410510791845466	0.10963430882460762	0.06844893355187139	0.03706391299399334	0.015372006263767737	0.002320302832266828	0.0	0.02117276334443481	0.0	0.030453974673502138	0.17598604558577638	0.022042876906534867	0.09049181045840624	0.0	0.0	0.100933173203607	0.051974783442776944
0	wp28_2006.txt.pdf	0.05028076863634023	0.013909638864561332	0.0	0.0	0.009273092576374221	0.0	0.0	0.32919478646128475	0.11591365720467774	0.0463654628818711	0.03400133944670547	0.051002009170058205	0.01622791200865488	0.0	0.0	0.0880943794755551	0.2457369532739168
0	wp5_2005.txt.pdf	0.018995284794384372	0.1306698893529976	0.002067393786923695	0.013601767267814707	0.009223756895505714	0.000477090873905468	0.0	0.14781865576504416	0.020991998451840594	0.12475926352627986	0.012664594107308786	0.02703514952130986	0.00620218136077108	0.0006361211652072907	0.0006361211652072907	0.06758787380327463	0.416632858162225
0	wp136_2014.txt.pdf	0.07909747473326123	0.06739688569588718	0.049466571817482145	0.009936566924903552	0.008015905027992843	0.028125982554360864	0.07625657020051085	0.12255896898062743	0.020567124742876367	0.03354023419607532	0.05576246483541985	0.15652109291501817	0.02993794489199755	0.007066653116783164	0.032590982284865636	0.11570326073300197	0.10745531634893567
0	wp73_2009.txt.pdf	0.06371083931662298	0.07693820305506965	0.025160871809901144	0.012054467267213223	0.0008317643573521043	0.0030151457954013783	0.025160871809901158	0.013516170806971697	0.046266892377710804	0.023705284184534978	0.06490427898748184	0.017778963138401237	0.05763433859485621	0.0029111752507323656	0.004241998222495732	0.28768649709915917	0.27448223792619436
0	policybrief12.txt.pdf	0.04933982737350337	0.09813291863810186	0.07165260725956642	0.0038941634380199154	0.00830754866777582	0.05538365778517212	0.1331803895802811	0.10046941670091383	0.03530708183804723	0.06801805471741451	0.04353709965004346	0.07632560338519034	0.018232672917498364	0.0	0.019107361935884384	0.04750879394384297	0.17160280216874427
0	wp74_2009.txt.pdf	0.05066786706472473	0.0646262599437271	0.35692819586267643	0.10447736539908015	0.020772726410483708	0.11501935549508559	0.0009891774481182718	0.050942638578091	0.010386363205241852	0.017145742434050044	0.040049004886634654	0.018134919882168317	0.011870129377419271	0.0	0.012199855193458687	0.014013347181675516	0.11177705163736472
0	2018wess.txt.pdf	0.019822082220048356	0.06026016233667319	0.23033474105071547	0.024705735328155315	0.021332960248353475	0.027620593998438962	0.09059202297245998	0.08101793513758247	0.11909163327163019	0.026712420730325738	0.026605546831889378	0.06497298851895783	0.008913621355212972	0.004286074205148644	0.006852152398101272	0.07636541086511055	0.11051391853119635
0	wp58_2007.txt.pdf	0.1821324322596469	0.08456913789969361	0.16059679287151807	0.04681221582009005	0.04998036049871891	0.012854508960753415	0.0013531062063950976	0.07264488945583679	0.013953907753449445	0.028415230334297048	0.11913572068529187	0.025201603094108686	0.061345151568777706	0.001014829654796323	0.0065118236182764066	0.06024141589721507	0.07323687342113465
0	wp102_2011.txt.pdf	0.036938658271801865	0.12114858562798243	0.017891938803092564	0.007588032869710197	0.002456991596199331	0.009439467713603425	0.016694942897251867	0.10243764962615677	0.02910590044728439	0.10350864596296161	0.02560860471699409	0.033830884286129244	0.012514341811805533	0.005291981899506253	0.011894359316985481	0.0793377286362485	0.38431128551628624
0	wp105_2011.txt.pdf	0.0432076813655761	0.22119487908961596	0.0	0.0016002844950213373	0.006401137980085347	0.004000711237553344	0.0	0.15736130867709816	0.03627311522048365	0.051475817923186354	0.024004267425320056	0.02933854907539119	0.004800853485064011	0.003200568990042674	0.0032005689900426746	0.12108819345661452	0.2928520625889047
0	2012_cdp_policynote.txt.pdf	0.08721103879047952	0.10435056700573529	0.12537017329644992	0.038180643881003964	0.024224643241292358	0.021631168111672955	0.0311217015554331	0.08160952744121211	0.0331602409586274	0.046294259113493566	0.06122823303602257	0.03927585916821033	0.03150153197414794	0.0034655169854303234	0.014106692670104611	0.10380695649821678	0.15346124627246752
0	policybrief34.txt.pdf	0.0390920554854981	0.06431273644388401	0.003783102143757882	0.0	0.0037831021437578823	0.0	0.04539722572509458	0.09079445145018915	0.05044136191677176	0.0819672131147541	0.042875157629256	0.056746532156368226	0.03404791929382092	0.0	0.0	0.18915510718789402	0.2976040353089534
0	2003_World_Public_Sector_Report.txt.pdf	0.03105081182825588	0.07179347174664709	0.3528559355130293	0.0677373673292514	0.05230937245954692	0.01907457092698326	0.0013860959880879645	0.02044491582429749	0.038495665850988466	0.016795163076442476	0.044007597329740154	0.008064558476148157	0.014560469860882077	0.0027721919761759294	0.0066217585612747785	0.10458724273754638	0.14744281051470245
0	PN_SocialPolicyNote.txt.pdf	0.07864249366144091	0.07173256272106426	0.45182889356428296	0.04839710153853532	0.0613787794946421	0.021871962761542945	0.002134726565947504	0.052182204945383434	0.008625157842212136	0.012506478871207602	0.06691258905072611	0.011557711508564269	0.02561837747557048	0.0010350189410654564	0.0024021064590560802	0.04939771648865593	0.03377611811010273
0	policybrief24.txt.pdf	0.028949906564590993	0.04466815359575622	0.005289649767918498	0.0	0.0017632165893061665	0.0	0.36557357284947856	0.1727952257520043	0.019395382482367832	0.02233407679787811	0.027774428838386878	0.19659864970763757	0.013766652601121223	0.0	0.0	0.03173789860751099	0.06935318584604254
0	wp99_2010.txt.pdf	0.03454048819973472	0.1018140081447324	0.01182093244029144	0.01809505817770104	0.012228550800301488	0.023981546847257895	0.0	0.345524496501852	0.018478698987122257	0.06141449957484748	0.019884618101407108	0.08478461888209032	0.010225298176320483	0.02282662816056278	0.006929512120170843	0.060599262854827377	0.1668517820307803
0	wp67_2008.txt.pdf	0.03708294104251795	0.12369608939642283	0.009388128081031571	0.006209759865731252	0.0017683117960847136	0.01171372601891267	0.01890486065632385	0.10519847630525786	0.034787515697521094	0.10294789765569552	0.025351573125033618	0.03671658311143168	0.01218939777012055	0.0054013887589496705	0.011497241786907154	0.07853447782853808	0.3786116311035199
0	2009_women_in_development-out.txt.pdf	0.031800105072402766	0.03348650435840194	0.27203007304846677	0.048205979964817916	0.3090298673724779	0.017686499485170017	0.007217679385414991	0.05422079513870308	0.010407570274692086	0.02022924222278226	0.030111877345170356	0.013648911017022041	0.011153687374458602	0.0011465967251779417	0.015267376394484744	0.08894944594938108	0.035407788870975745
0	wp19_2006.txt.pdf	0.006337434687341983	0.2000337097589752	0.005157593123209169	0.004550817461655149	0.014562615877296476	0.0	0.0	0.17384122703522667	0.025787965616045842	0.05673352435530085	0.011191639979774144	0.07311646721725941	0.0045508174616551485	0.0	0.0	0.10436541378729143	0.31977077363896844
0	CDP_PN_2004_poverty_reduction.txt.pdf	0.12685260009061924	0.0537414504545219	0.04764705916586478	0.020980799447205968	0.009926470659555164	0.017736833232771063	0.029317715668918738	0.06422195668577316	0.017267441984528516	0.08700337174099143	0.08011517318364368	0.0286251712042986	0.04219904271085309	0.0033703830611512874	0.015993160169627478	0.12916723759014956	0.22583413294952626
0	2011wess.txt.pdf	0.03980432631883356	0.06533209944926657	0.06516070423400758	0.024129909020024338	0.010907074965556237	0.05003683739714813	0.18441655585934352	0.10271034365369136	0.08267823438534011	0.02261008113621926	0.03575133358153289	0.1112049722674859	0.017736605384324228	0.006635107922217615	0.027181402836345826	0.06567019412046236	0.08803421746820024
0	CDP_PN_2005_sub-saharan_africa.txt.pdf	0.10504304630919324	0.08551129558052199	0.18593041814509598	0.040869494487135886	0.027370770342719387	0.021129360112062973	0.0	0.08497461380909616	0.016517872298329562	0.03870071885059887	0.07053421353295437	0.02695335118716593	0.03434151733967249	0.0038164037079173006	0.005939278270446298	0.13093047512526687	0.12143717090182275
0	2012wess.txt.pdf	0.015431951477483018	0.06366970390008105	0.6174306303169701	0.01022522903525672	0.02439787247699689	0.022277977698349976	0.0165913859762513	0.019193548143166494	0.017684294086355676	0.018693933007118777	0.04020860980317363	0.01714304435563732	0.009328551202070452	0.005828843253890041	0.016143814083541885	0.015279896244126037	0.07047071493953061
0	wp127_2012.txt.pdf	0.04358600444914195	0.041074616991329485	0.200313168370759	0.1428557270405422	0.01011983317177683	0.00654812734644383	0.03095478381955266	0.0875067927206585	0.025001940777331	0.05417087168421716	0.03982299358245212	0.053575587379995	0.022307897708222994	0.0	0.036907626861774324	0.013393896844998747	0.19186013125080426
0	2011_disability_and_the_mdgs-out.txt.pdf	0.09519420098509761	0.053198460363964827	0.4323236030729112	0.07493518209879904	0.06207762784917334	0.025374517425401952	0.0	0.01974849319986033	0.0022963364185884095	0.00834335565420455	0.07360283527292524	0.006276652877474988	0.02880626462873682	0.003061781891451213	0.004041552096715601	0.08792416998284068	0.022794966181854278
0	wp13_2006.txt.pdf	0.2388794366330822	0.035702812241309334	0.3751702680471138	0.04872061287252936	0.015351046305709548	0.019595843200848943	0.0	0.009419960233049038	0.0008140706374239913	0.00156999337217484	0.1637834346044718	0.0033725783550422497	0.07895590599894668	0.0	0.0005233311240582801	0.0030236909390033958	0.005117015435236516
0	policybrief1.txt.pdf	0.05524861878453039	0.06629834254143646	0.0	0.0	0.0	0.0	0.008287292817679558	0.2734806629834255	0.08287292817679558	0.06629834254143646	0.05524861878453039	0.1049723756906077	0.027624309392265196	0.0	0.0	0.04143646408839779	0.21823204419889505
0	2005_World_Youth_Report.txt.pdf	0.07963730034287753	0.03839919122241414	0.2571646017881361	0.1377832357422514	0.16733639018689048	0.01105773987872756	0.0018875897371164378	0.06338245538763708	0.00652856450399363	0.005943567684639361	0.05900773799663975	0.007222760729627361	0.02658285546819573	0.0008735952502357068	0.001464832035663087	0.11289086620888197	0.022836715836072347
0	wp14_2006.txt.pdf	0.12961330138366353	0.12743399394465885	0.039757839299332604	0.017434068456258233	0.004406657065196964	0.006658948454075412	0.0	0.11711915222167926	0.06218282747555716	0.05248818193212383	0.08500513113713046	0.04661263917852789	0.0439108938781564	0.0070506513043151415	0.013396237478198767	0.08274722711314299	0.16418224967798284
0	wp153_2017.txt.pdf	0.010419681620839363	0.247178002894356	0.005643994211287988	0.0	0.0	0.0	0.0	0.08335745296671489	0.019102749638205498	0.03039073806078148	0.01345875542691751	0.0503617945007236	0.0	0.0	0.0	0.1163531114327062	0.42373371924746744
0	policybrief10.txt.pdf	0.17218855600234081	0.09325857544694269	0.3840780804591192	0.0049083460761548785	0.019633384304619514	0.014725038228464635	0.0	0.008589605633271038	0.0	0.009816692152309757	0.12478525985916823	0.0	0.056351588605085816	0.0	0.0	0.024541730380774392	0.08712314285174907
0	wp94_2010.txt.pdf	0.2409176397413452	0.013326394371393315	0.020601517829245786	0.03252808085910617	0.04875012634841329	0.0	0.0	0.21580599864695083	0.01570610765199926	0.03100426445589465	0.15576305109420754	0.05303361025350399	0.079550415380256	0.0	0.0	0.019581640708986093	0.07343115265869786
0	wp36_2007.txt.pdf	0.0578068363255242	0.07280087295318928	0.3037843350419319	0.07952657734886984	0.01850244533541511	0.04286502285901269	0.0	0.06681780092889113	0.013892201481075804	0.03731224026111952	0.048344004469312946	0.016965697383968675	0.01808634127471577	0.0	0.009036077954505057	0.029628500503887316	0.1846310458785809
0	wp81_2009.txt.pdf	0.29893150429060067	0.07138358699272691	0.18750304185193642	0.018116648974598117	0.010174583666384152	0.005814047809362373	0.0	0.03456128420009857	0.034722785528136395	0.01388911421125456	0.1554636630050443	0.02713222311035774	0.0783529904565139	0.0	0.0	0.010013082338346307	0.05394144356463979
0	policybrief8.txt.pdf	0.1507815418730492	0.11201899321498728	0.015510322137459778	0.02895260132325826	0.0	0.07444954625980689	0.0	0.04136085903322609	0.0062041288549839115	0.07031346035648434	0.09491304819407788	0.06824541740482304	0.04565602516359954	0.02481651541993565	0.02895260132325826	0.047564987888209995	0.19025995155283992
0	policybrief26.txt.pdf	0.06275603591039831	0.01165780528196635	0.04118364856619888	0.027128911357099265	0.0009805630610999734	0.22111697027804425	0.0	0.09282663645079749	0.03954937679769893	0.008498213196199771	0.02451407652749934	0.09282663645079749	0.009805630610999734	0.21098448531334432	0.046740172579098745	0.0490281530549987	0.06040268456375834
0	policybrief36.txt.pdf	0.0343612334801762	0.1251101321585903	0.013215859030837005	0.0	0.007929515418502201	0.0	0.13480176211453743	0.24977973568281944	0.030396475770925104	0.0	0.031718061674008806	0.0977973568281938	0.010572687224669601	0.0	0.0	0.07665198237885461	0.18766519823788544
0	wp79_2009.txt.pdf	0.4357951236683961	0.004544895273696474	0.019071301053549115	0.0012944321982046917	0.0006903638390425023	0.0006903638390425023	0.00310663727569126	0.021401279010317572	0.00043147739940156395	0.009665093746595034	0.2812774010778553	0.047462513934172036	0.144538290685687	0.0	0.0	0.003969592074494389	0.02606123492385446
0	wp86_2009.txt.pdf	0.01385628961756901	0.14375545457885172	0.025915713231237703	0.006411204318529191	0.012280616722816474	0.005508217794792682	0.026457505145479617	0.13598977047471783	0.015621666860641547	0.1008635947013677	0.009358644946007577	0.041627678744252924	0.005406342392114717	0.0	0.01060106178866658	0.08352625344562677	0.36281998523732795
0	wp30_2006.txt.pdf	0.14850528414007746	0.06597483876279707	0.3773345703743086	0.02958431243731331	0.015401411035686074	0.02703439171157663	0.0	0.03375202843990777	0.007864550316095016	0.016056790228693992	0.1182188409034577	0.02621516772031672	0.053085714633641375	0.0	0.004423809552803447	0.010322222289874708	0.06622606745345012
0	wp55_2007.txt.pdf	0.018117775773662723	0.01256403404639129	0.0	0.016039192399648444	0.006415676959859382	0.0	0.010024495249780283	0.039697001189129916	0.0	0.02686564726941116	0.024157370362713353	0.03288034441927932	0.010877862537710295	0.0	0.0	0.7410106888637585	0.061349910928655334
0	wp108_2011.txt.pdf	0.053849420792876704	0.08554593871583462	0.010661511650044668	0.009328822693789086	0.009328822693789086	0.0	0.04569219278590572	0.15535345547207946	0.015040346792027301	0.06415945403687595	0.041601374671099214	0.06587291126634741	0.017486050700760074	0.0	0.007996133737533502	0.10280743376828787	0.3152761302227494
0	wp52_2007.txt.pdf	0.048827170864292085	0.08125079329380977	0.012723338510294387	0.014955503161223226	0.002008948185835956	0.010044740929179782	0.014397461998491018	0.16707752412202365	0.136608476636845	0.02209843004419551	0.03920479050141556	0.1245547875218293	0.01653518891418826	0.0	0.002343772883475282	0.07299178408537306	0.2343772883475282
0	wp111_2012.txt.pdf	0.045283549770309676	0.07206342021396979	0.2579749328668163	0.01695609887387525	0.021800698552125318	0.008478049436937625	0.0	0.021800698552125318	0.0	0.09507526868565763	0.03848153608064545	0.0	0.014533799034750217	0.0	0.044812547023813154	0.047234846862938204	0.3155045540460359
0	policybrief19.txt.pdf	0.029735682819383272	0.05396475770925112	0.2852422907488987	0.0033039647577092516	0.01101321585903084	0.0341409691629956	0.06718061674008811	0.050660792951541855	0.06718061674008813	0.04735682819383261	0.047907488986784166	0.06112334801762115	0.022026431718061686	0.028634361233480184	0.033590308370044064	0.03359030837004406	0.12334801762114539
0	wp116_2012.txt.pdf	0.03595667975880535	0.16921421089918012	0.0824140154038299	0.038375034281479516	0.009349489142451293	0.006117566969752081	0.030010705889349825	0.10950060123216616	0.0250858721023796	0.05517352851965082	0.027992234349257458	0.04332314721975373	0.013211813716968213	0.0009234063350569176	0.01428201798221366	0.07166659167080638	0.2674030845268991
0	2014_cdp_policynote.txt.pdf	0.019442190531351936	0.08830413966496084	0.09775711759655537	0.01340259609414367	0.02242479566591908	0.019020474318307425	0.00911983333488631	0.0572175844846292	0.021925078770856813	0.08131107763941689	0.020241737563451566	0.03866559475544265	0.009935076602792369	0.01586601141822687	0.026135193611756397	0.1413990597653264	0.31783243818197626
0	wp47_2007.txt.pdf	0.03373054557431777	0.10783553206334937	0.006899429776565006	0.015605853066039892	0.040055022869502396	0.00536622315955056	0.0	0.46494490660963056	0.03219733895730336	0.023764702563723913	0.018921163478155548	0.0935256036378812	0.013415557898876405	0.0	0.00536622315955056	0.0870094755155698	0.051362421669983935
0	wp22_2006.txt.pdf	0.13448359154051645	0.03878079923417383	0.2787563848952415	0.08037141402294468	0.03176147457278836	0.02444483045060758	0.0004653695908100859	0.1292951846467355	0.024354341919061162	0.012564978951872321	0.10087032113083251	0.03001633860725054	0.04598408409705473	0.0	0.0030869516190402367	0.0279997370470735	0.03676419767399679
0	2007wess.txt.pdf	0.027253922793180316	0.056566115112236144	0.6372772165530258	0.021823347971850527	0.05192307168368218	0.023192924589631892	0.0009511489338835522	0.03043676588427367	0.011629281886935615	0.013704612429058774	0.04333227375577787	0.014921148900298222	0.008841760071487632	0.0034181914811440154	0.0009452042530467797	0.016756569108651635	0.037026444591835635
0	wp40_2007.txt.pdf	0.029555053710998702	0.10223015162716563	0.42967409593673384	0.0269091307056784	0.03913698160664046	0.01742268248282522	0.0020497273509206145	0.08877881588674913	0.051499399691880436	0.03522968884394805	0.03123863318470359	0.019728625752610914	0.005203154044644639	0.0	0.0015372955131904606	0.04637508131457887	0.07343148234673098
0	WP147_2016.txt.pdf	0.024294114942093884	0.06704917428643456	0.04584742896632603	0.005327342098199857	0.0012914768722908742	0.0012914768722908742	0.1519099671032141	0.15691443998334123	0.04407164826692608	0.05521063629043488	0.026578006996804245	0.15336287858454128	0.007748861233745248	0.0	0.008233165060854322	0.042941606003671584	0.20792777643883079
0	wp8_2005.txt.pdf	0.0810482694192924	0.053426755015918946	0.30941521365179536	0.1381501889398218	0.024015503289440382	0.011410681120949574	0.0	0.10879951766486803	0.0382125135213195	0.01857552740619698	0.06595332862573895	0.023352091596361924	0.02600573836867578	0.0	0.0	0.03953933690747644	0.06209533447214421
0	wp25_2006.txt.pdf	0.1237169308201181	0.09387732753861362	0.0609058856500518	0.011162317599129098	0.006631680940227744	0.002573488126058528	0.003299343751357086	0.07463115565569726	0.01181165062985837	0.09109959432318535	0.078948070764939	0.018080403757436834	0.04121134141118181	0.003299343751357087	0.007852438128229864	0.052789500021713405	0.3181095271308449
0	2018_World_Public-Sector-Report.txt.pdf	0.020892695143670443	0.06965738078953328	0.5013879690811658	0.02149678158371387	0.03569335879615773	0.02836978298408088	0.004507991371022811	0.013837241310037815	0.009390375245740738	0.008698349451738686	0.04062222625395979	0.009390375245740736	0.010240252106561983	0.002383886962303588	0.003468861156685349	0.12479546372148076	0.09516700879640586
0	policybrief37.txt.pdf	0.003424603834176419	0.06612119710602166	0.7910834856947526	0.007084413975645178	0.029504279186750696	0.03082143450758778	0.0	0.0013171553208370845	0.0006585776604185423	0.005400336815432046	0.04074400459122716	0.0	0.0007902931925022508	0.0	0.00342460383417642	0.002370879577506752	0.017254734702965808
0	policybrief27.txt.pdf	0.10344827586206896	0.0	0.0	0.0	0.0	0.0	0.0	0.05172413793103448	0.0	0.13793103448275862	0.0	0.0	0.0	0.0	0.0	0.0	0.7068965517241379
0	policybrief9.txt.pdf	0.06793802145411203	0.09296781883194279	0.007151370679380215	0.005959475566150179	0.0035756853396901075	0.0	0.023241954707985697	0.13587604290822405	0.03158522050059595	0.09594755661501787	0.06436233611442194	0.041716328963051254	0.03218116805721097	0.0	0.009535160905840286	0.06078665077473182	0.3271752085816449
0	wp62_2007.txt.pdf	0.03592109572074283	0.12208951959553736	0.14038737489206243	0.02583226630097653	0.02931550008145397	0.03073650373746068	0.0	0.06505471532019864	0.09588854807519405	0.03667357380707787	0.031582517505262385	0.02873152597624572	0.01567146919258848	0.01938794029291378	0.030833832754995412	0.13875224739747932	0.15314136934981054
0	wp37_2007.txt.pdf	0.0377511660236177	0.07816074033463515	0.3819818828192298	0.05046641573163641	0.048361958082055505	0.03958324257755882	0.00465516174051871	0.05258608632808173	0.006034468922894626	0.029137864227691188	0.03993450561990311	0.026034423067345384	0.013824017818235518	0.007586189503067529	0.013810313163538838	0.07066075753046613	0.09943080650952378
0	wp95_2010.txt.pdf	0.0067489960781451745	0.0492447345145814	0.029479072725471872	0.002936612608667698	0.0022589327758982297	0.0022589327758982293	0.3369198235252209	0.17348603718898403	0.03162505886257521	0.018862088678750215	0.012224301598803111	0.23492900869341593	0.0043093486801750866	0.0018071462207185835	0.005873225217335396	0.0275589798659584	0.05947769998940038
0	wp155_2017.txt.pdf	0.014190864782120732	0.12481670511191637	0.04051162885744525	0.01612652807643457	0.00661743738308867	0.018614905158932372	0.01275067203082939	0.11443324645389917	0.0907073124218496	0.04325544435775033	0.014298465389975834	0.05245529632936142	0.004991012810509654	0.007747243765567225	0.005810432824175418	0.22052744579902814	0.2121453584471158
0	wp92_2010.txt.pdf	0.1879608557216175	0.05435496311460925	0.23424607704908057	0.017857632777275523	0.021250061531055273	0.008812908953983657	0.00031288434156154997	0.11138682559591181	0.017521523127446797	0.015852806639118533	0.13059995343275133	0.039110542695193755	0.06432982289259714	0.0	0.008291435051381071	0.019798625835478076	0.0683130812409384
0	wp152_2017.txt.pdf	0.1737675364972286	0.044410916069869945	0.20387085387801757	0.018138087342764404	0.05016852322289101	0.04485777513249247	0.013302650556532252	0.021861720294456103	0.05733545511187544	0.011858952046520998	0.1562208706382505	0.02464599599233495	0.11631291896865384	0.009074676348642154	0.014024499811537876	0.02619281582448986	0.013955752263442103
0	policybrief18.txt.pdf	0.06434771786135002	0.025546939225578387	0.007664081767673515	0.01532816353534703	0.0	0.06514469502522492	0.21587163645613736	0.10218775690231355	0.16797112540817785	0.01405081657406811	0.0515742482485608	0.10601979778615031	0.038516923755487424	0.023630918783660006	0.057863817345935036	0.01660551049662595	0.02767585082770991
0	wp126_2012.txt.pdf	0.010337189269013043	0.21560423332512924	0.05685454097957171	0.006891459512675364	0.0019689884321929607	0.0019689884321929607	0.015013536795471327	0.03937976864385922	0.0049224710804824014	0.08885060300270736	0.005168594634506522	0.03076544425301502	0.0	0.0	0.01747477233571252	0.11863155303962586	0.3861678562638445
0	wp121_2012.txt.pdf	0.09845157442401213	0.05872995068128654	0.1019947650957524	0.02450229411116835	0.006386412547432012	0.003005370610556241	0.0	0.04132384589514831	0.018783566315976503	0.07194105899019002	0.0705250670679087	0.015214688715940977	0.03976336500120566	0.0	0.023479457894970628	0.06724516741119588	0.3586534152372555
0	wp15_2006.txt.pdf	0.05428068060370668	0.06782410743796982	0.3247868835529144	0.07788914247752886	0.02199217543463169	0.07674911630337918	0.003218367136775369	0.04201757095234512	0.0160024365967442	0.029233501492376277	0.04768638999026924	0.02181337726036639	0.015984098322460588	0.0	0.011782799684083167	0.03647482755012085	0.15226452520432807
0	wp12_2006.txt.pdf	0.01731974450873996	0.2007488536932103	0.025228760787297525	0.003604108683899646	0.04324930420679574	0.0	0.018020543419498228	0.06271149109985383	0.0021624652103397874	0.0661353943495585	0.012454197785475442	0.06523436717858357	0.005406163025849468	0.0021624652103397874	0.006126984762629397	0.10199627575435997	0.367438880323569
0	2018_World_Youth_Report.txt.pdf	0.023591732991366677	0.04208412977407353	0.15427394036580408	0.16809756130878845	0.13135699781010884	0.007399889119444613	0.0008965939967016894	0.10105212072159174	0.013030499418731224	0.012531822376756187	0.02077124752085353	0.011607903610631201	0.008278704500143324	0.002904964549313474	0.0017692788201580003	0.17968700060831666	0.12066561250721711
0	wp117_2012.txt.pdf	0.18203192491744452	0.07041604255268377	0.09164836072696622	0.028994841051105065	0.027817024443522027	0.0135725578202692	0.010078632044754355	0.04891496085720782	0.021635463456072684	0.04770552501183726	0.11757370346362668	0.013035030777882295	0.06101965636942044	0.0	0.008466050917593658	0.15028360226733717	0.10680662332227686
0	wp110_2012.txt.pdf	0.011691348402182385	0.04598597038191739	0.003507404520654715	0.0	0.0011691348402182386	0.0	0.05670303975058457	0.162948168355417	0.1153059236165238	0.09528448947778644	0.015198752922837101	0.14000389711613404	0.0	0.0	0.0	0.028059236165237724	0.3241426344505067
0	wp24_2006.txt.pdf	0.012945184075938488	0.08771414162353153	0.0036199487019235236	0.0030630335170122123	0.0011138303698226225	0.0022276607396452455	0.0	0.12920432289942427	0.06084298395156076	0.13115352604661382	0.008415607238659816	0.08103115940459579	0.0038984062943791795	0.0	0.001670745554733934	0.06822211015163562	0.4048773394305233
0	2017wess.txt.pdf	0.03196232207158373	0.11339680498124267	0.06541809116122285	0.01712293441183191	0.011316076968146587	0.006411535787207006	0.006427422778538133	0.11986054088282339	0.03306309853027667	0.07166070608141926	0.023892104286929224	0.03635851444639156	0.01257202219491765	0.004221400553700893	0.009888971232572862	0.14009602869830573	0.29633142493288983
0	wp41_2007.txt.pdf	0.0048891159269850324	0.05464560544939907	0.6993599101220008	0.017330965188636544	0.027842000876237775	0.030178392558159822	0.002336391681922051	0.02829629925883373	0.0033747879849985183	0.01129255979595658	0.04192525073671236	0.02985389371344842	0.0019469930682683761	0.00804757134884262	0.005451580591151452	0.003634387060767635	0.029594294637679312
0	wp23_2006.txt.pdf	0.023993411239695873	0.10625845513773505	0.07210395170060588	0.03233447887755422	0.004337079801540206	0.0037949448263476806	0.009758429553465462	0.0336123684619366	0.01219803694183183	0.10924019750129392	0.0178070488005545	0.004337079801540206	0.007506484271896506	0.0	0.014637644330198193	0.20474630896437715	0.3433340797894267
0	1999wess_part2.txt.pdf	0.08861580197892245	0.14335096649742698	0.07068753723563684	0.048714040512017324	0.04581599635643127	0.005532497673229435	0.004297565156883579	0.09385487124228506	0.033886548248530296	0.04049167302167155	0.05973355543061717	0.028551639777916204	0.03199551825170532	0.003161427241845392	0.010511745579135924	0.091105088172555	0.19969352762319026
0	wp46_2007.txt.pdf	0.030886281766481487	0.06196040212276711	0.04647030159207533	0.03517365369123934	0.13235049983820346	0.0041078719639403615	0.0	0.290118457453288	0.03388994370250798	0.03132252372504526	0.03241028884068519	0.10321028309400154	0.01658289980315027	0.0	0.012837099887313626	0.0747119213441653	0.09396757117513575
0	wp87_2009.txt.pdf	0.012596792455772337	0.1260213234235808	0.09187274870774181	0.008423110176556167	0.010773221186740432	0.007769534982258901	0.0057670775126045445	0.17157055599998516	0.022427523660128783	0.09860100580578046	0.010332680543416477	0.05550812105881877	0.004565603030811931	0.0035243251465916664	0.003155872972175265	0.059673232595699795	0.30741727074133673
0	wp78_2009.txt.pdf	0.11543258375938001	0.04287754786401906	0.3087485400771796	0.05420591882146452	0.02951605847681594	0.012682091621752116	0.002415636499381356	0.05163423017427647	0.005888113967242054	0.05767332142272987	0.08861979285871471	0.041367775051905704	0.039621858287128504	0.0018117273745360165	0.005133227561185381	0.0395560476773697	0.10281552850491893
0	wp80_2009.txt.pdf	0.2662576442085296	0.030459695997086776	0.21748591405984444	0.0306699888630195	0.0425115414394825	0.019236894699773063	0.0014738562579235538	0.037399102544810166	0.0070929332412571	0.006540237144535769	0.1759585412480958	0.03279330173879906	0.08907146368999218	0.0	0.0012896242256831094	0.022599129288161157	0.019160131353006198
0	wp53_2007.txt.pdf	0.016141514229569883	0.14521672496073684	0.0	0.0	0.0	0.003072767691175466	0.0	0.10908325303672907	0.11403382320584507	0.09884069406614414	0.011020234744277444	0.04097023588233955	0.0055196012230374104	0.004097023588233955	0.004233591041175087	0.07494138980144607	0.37282914652928983
0	policybrief11.txt.pdf	0.023032629558541268	0.21442281327118182	0.004935563476830271	0.0	0.0	0.0	0.0526460104195229	0.07403345215245408	0.014806690430490812	0.0526460104195229	0.023032629558541264	0.059226761721963235	0.013161502604880722	0.0	0.0	0.10364683301343568	0.364409103372635
0	wp109_2011.txt.pdf	0.006089855441068974	0.08525514526410617	0.05193475826500329	0.00935088395360493	0.00520010015791168	0.01550093550256476	0.0033121657056762303	0.041534557949179936	0.0029147058209950823	0.19415915366674064	0.006716052923201957	0.018018181438878702	0.0027261671577488984	0.016428341900154103	0.01862761992872312	0.0732651054095582	0.44896626951488344
0	2015_GSDR-out.txt.pdf	0.045044476832485254	0.06344344423668291	0.13852808094409708	0.025156079637989676	0.013434231435288666	0.08472335120848444	0.035194793390026104	0.07179086933218527	0.044289569179999454	0.026328613924225603	0.0394309442466005	0.06388040331207923	0.017937343901415558	0.052371805319399244	0.027213811215683684	0.10786560789473362	0.14336657398862365
0	wp54_2007.txt.pdf	0.07500215588801878	0.05369621059393186	0.003313531982853391	0.00717325055628701	0.009175934721747851	0.0	0.0	0.0912495730662703	0.0802894288152937	0.10960144250976601	0.04961385838769452	0.030076674921284623	0.025469100862287302	0.0020390966048328555	0.015293224536246423	0.2119810845440823	0.236025432009403
0	wp31_2006.txt.pdf	0.016691797938337832	0.07202303239935073	0.4229737628673127	0.09413239624596077	0.01973877560047459	0.011984256614573856	0.0	0.0988701170702343	0.03084183687574154	0.032075510350771205	0.026544314990198655	0.01374664729318766	0.005287172035841407	0.0	0.0	0.025025947636315996	0.13006443208169863
0	wp97_2010.txt.pdf	0.061427508517362346	0.05286992574850304	0.09799536852050546	0.021361245736953336	0.01663680896558963	0.010980570505966895	0.010289098811636479	0.04032662921334943	0.015682578027413664	0.04489034239593012	0.04564351464144694	0.01970694328841664	0.023820667968379252	0.0027797162112082425	0.011500557220103357	0.424624469827972	0.09946405439926326
0	wp60_2007.txt.pdf	0.018165065157298935	0.2658944320126366	0.0	0.0	0.0	0.0	0.0	0.04778201921811241	0.0	0.05765433723838359	0.018165065157298935	0.01974463604054232	0.0	0.0	0.0	0.14690009214163485	0.4256943530340925
0	2010wess.txt.pdf	0.07746190255004212	0.10265039917812836	0.08762095675072544	0.01365352354228105	0.008913775301413612	0.014302211342206007	0.014409564502401731	0.0762449847751451	0.019801463548361715	0.08351581148204243	0.05307241888862703	0.032278671167240224	0.029530909759252613	0.011178580681026866	0.01669930351922173	0.0672203933083682	0.2914451297035157
0	wp139_2015.txt.pdf	0.03705127302057983	0.06772688198701983	0.0885873515658914	0.023278976957153027	0.015239777461390863	0.00734950558218689	0.027038314850854762	0.07580560272730552	0.02433448336576928	0.044722075057206	0.029694246290983013	0.04719414955785559	0.014023368424977109	0.0005899268694731948	0.011788705274972677	0.15885419646314303	0.32672116454323785
0	PN_MacroBackgroundNote.txt.pdf	0.04556102266419491	0.12018393800389876	0.07821819316048101	0.008302757120430378	0.01395756480379747	0.010030836572329116	0.00033498155529113933	0.11361457750291146	0.014739188432810137	0.05610941051126583	0.030964320687809157	0.04388258374313925	0.014868027492537485	0.0004466420737215191	0.003394479760283546	0.08592276893217722	0.3594687069829216
0	policybrief14.txt.pdf	0.012946353020815704	0.10492469114909461	0.0	0.003807750888475207	0.011423252665425621	0.0	0.0	0.1745219157217804	0.04061600947706887	0.13644440683702824	0.0	0.04696226095786088	0.0	0.0	0.0	0.0571162633271281	0.4112370959553224
0	2015_World_Public_Sector_Report.txt.pdf	0.047347543310043684	0.07393436140274513	0.08893690710192038	0.01653273636280302	0.044184672736978306	0.01860656203674509	0.0030648327910042764	0.0270726896538711	0.032294256631137656	0.02224030779292257	0.03719694471486498	0.017480898141283646	0.01879793217540466	0.006072909419212177	0.008717746605523276	0.33342353770777383	0.2040951614157662
0	wp17_2006.txt.pdf	0.14148198992167582	0.04880142572983802	0.2645526673907018	0.054081460414631397	0.036704951234835595	0.009695647495994308	0.004224532123254662	0.11669404307678859	0.011496267745250392	0.019391294991988613	0.10982864303720419	0.027701849988555165	0.05035521539265761	0.0	0.0018006202492560856	0.03476582173563673	0.06842356947173124
0	wp123_2012.txt.pdf	0.02342496074012531	0.06893112478257028	0.003462293938850562	0.008498357849905927	0.001573769972204801	0.0066098338832601645	0.0	0.04878686913834885	0.006452456886039683	0.10103603221554822	0.01487891289106166	0.0276983515108045	0.0075823430199303075	0.008813111844346886	0.017437371292029193	0.11535733896261194	0.5394568710723617
0	wp69_2008.txt.pdf	0.015530790334330486	0.1894849419532837	0.04028008121890353	0.008893004944433252	0.0026155896895391916	0.00645178790086334	0.0010462358758156767	0.08335012477331558	0.02231969868406777	0.051091185268998876	0.013329820047429365	0.042546925616504194	0.00831176279120232	0.008369887006525415	0.00941612288234109	0.09137126648790238	0.4055907745245439
0	2007_World_Youth_Report.txt.pdf	0.03887433211977668	0.030553058004280865	0.28503227146990945	0.16406210951267017	0.1583378671797992	0.018292519407297814	0.00123810913283379	0.10869294913509273	0.006105832934027692	0.0037552873998883537	0.03704454566684814	0.01639517146426219	0.013476007542570004	0.010413149443517877	0.0021712524371590458	0.07888796970159775	0.026667567448468436
0	policybrief5.txt.pdf	0.09220636663007684	0.09001097694840836	0.0	0.0	0.0	0.0	0.04500548847420418	0.09220636663007685	0.0	0.08562019758507136	0.09220636663007684	0.09220636663007685	0.04610318331503842	0.0	0.0	0.05049396267837541	0.3139407244785949
0	2000wess_part2.txt.pdf	0.057590698131528284	0.08054420819581098	0.06089133644125607	0.17688298484788803	0.014675937733138451	0.006428244795798216	0.004396409711663761	0.1125226021854812	0.06930185936791716	0.04319950412330477	0.04485461666673227	0.06384351494329114	0.02014027255870938	0.001231844267036223	0.03170512279020129	0.06971247412359596	0.14207836911664684
0	wp124_2012.txt.pdf	0.03965311479956272	0.08054453330849422	0.4699526953652752	0.0070270995896696475	0.019232062034885353	0.01775267264758648	0.022807253054190964	0.03661488733564711	0.01158855020050784	0.03414923835681566	0.04870605059722446	0.02527290203302242	0.017136260402878623	0.0	0.010725573057916831	0.03883397141659542	0.12000313579972693
0	wp44_2007.txt.pdf	0.014266812703535397	0.02247511590282975	0.005618778975707437	0.015505530728358889	0.02247511590282975	0.0	0.0	0.43056947585584154	0.10345882157443913	0.03102543173542802	0.009416451722134204	0.21839949583836735	0.004397305285336259	0.0	0.0	0.017833515879419257	0.1045581478957732
0	wp21_2006.txt.pdf	0.011992005329780148	0.20153231179213857	0.012991339107261825	0.012991339107261825	0.0	0.0	0.0	0.16688874083944039	0.08294470353097932	0.07994670219853432	0.007994670219853431	0.054463690872751526	0.003997335109926716	0.0	0.02598267821452365	0.06395736175882746	0.2743171219187209
0	2014wess_overview.txt.pdf	0.05462315229292844	0.05750292116359047	0.1225495423808203	0.019242594967964138	0.045404534285112284	0.040375400916019384	0.007116698163810701	0.09038206668039592	0.024766109610061246	0.053944572081685106	0.04353229522970978	0.05579491360427589	0.02660550236624615	0.021634762417984534	0.013094724621411695	0.11718829643074957	0.20624191278723417
0	wp43_2007.txt.pdf	0.1607401881194631	0.03804797496356355	0.0892494261906328	0.004104943934584003	0.026218674162826847	0.0026483509255380657	0.01655219328461291	0.10328568609598458	0.023305488144734973	0.024364828514950206	0.10668180669461574	0.0529670185107613	0.05482086415863796	0.0	0.023040653052181156	0.17783676464988107	0.09613513859703178
0	wp26_2006.txt.pdf	0.26472097512220044	0.08557126892270908	0.16860238886069953	0.0297953872637677	0.006667891084886423	0.006667891084886423	0.0	0.02714784227418044	0.0014288338039042333	0.0214325070585635	0.1760579703759434	0.044770125855665976	0.08759850320859028	0.0	0.0028576676078084667	0.04667523759420496	0.0300055098819889
0	2018_rwss.txt.pdf	0.07518371166377914	0.052975054964278144	0.4624503207486083	0.06044963029841248	0.07156104985793668	0.014502348026765416	0.0008815491649166114	0.056574714054354276	0.0069616456111797126	0.030398630237271546	0.06282631408782093	0.009541473314391561	0.02382310164074046	0.0019705216627547784	0.002507229536689303	0.036560090955198535	0.03083261417490207
0	wp112_2012.txt.pdf	0.007289304008982053	0.07076105212761248	0.003755474833588372	0.006127353675854712	0.016207838755486658	0.0	0.014824242764164625	0.25774416752627566	0.03478755635323964	0.09922359823480856	0.00483836253864017	0.11049002273557369	0.0021590179205244887	0.0	0.00118593942113317	0.038740687757016896	0.33186538134709875
0	wp90_2009.txt.pdf	0.09801612834608657	0.13933585862302364	0.037635046349723894	0.014201562650089863	0.005817631210548927	0.006464034678387695	0.0	0.10069529576777277	0.045822823609015	0.05673985995473643	0.06397000244685896	0.06406576592357584	0.03331832347617952	0.010055165055269748	0.004912666355574648	0.07239718839794218	0.24655264715521436
0	wp125_2013.txt.pdf	0.024705301219855532	0.1343989345258311	0.11600750138019107	0.00966729178168259	0.0042441768797630884	0.02051352158552158	0.015561981892464659	0.06884998049393455	0.024993486069715964	0.057767963085664266	0.020449215875222155	0.05093012255715706	0.008488353759526184	0.017212495123483634	0.02650252673807617	0.09903079386113872	0.3006763531707716
0	wp115_2012.txt.pdf	0.03865461847389558	0.13821954484605087	0.184487951807229	0.012299196787148593	0.00819946452476573	0.05095381526104414	0.0	0.1546184738955823	0.00644243641231593	0.14608433734939763	0.021670013386880856	0.03396921017402945	0.0	0.0	0.005271084337349397	0.06910977242302542	0.13002008032128512
0	2010_cdpreport.txt.pdf	0.032582192011647304	0.07798886391841979	0.018613342188529516	0.012170631895302528	0.003431510012410469	0.007122982904549005	0.008214826999406882	0.054488219591002585	0.022356807656613666	0.20152322436519673	0.021708743331403196	0.01944522340365933	0.013120793139916017	0.0045753466832139595	0.02368781760082137	0.09642889752046392	0.38254057677744363
0	CDP_PN_2006_economic_vulnerability.txt.pdf	0.055767444834709724	0.0780918257486389	0.16679845752374767	0.04850973980866857	0.02778987785926173	0.013653244926240062	0.0007102844181280952	0.1124616995369484	0.025747810157143444	0.08168270808473095	0.042384231784206826	0.0271091886252223	0.01982573793591306	0.002604376199803016	0.017437482465044736	0.06718106788128235	0.2122448222103102
0	wp33_2006.txt.pdf	0.19080078641118528	0.07812939483454562	0.0940045076546024	0.06438692974584362	0.009590085218942149	0.004713770700835971	0.0	0.12618818347410318	0.039660691413930235	0.03364657017493262	0.12910269463505067	0.030178968739834895	0.06586358831592465	0.00032508763454041175	0.013566990614819847	0.04078043771068054	0.07906131272022812
0	2005wess.txt.pdf	0.041300531501229525	0.10185867204432875	0.03208689770886685	0.01572204916923815	0.005883541923227792	0.01058943145187449	0.0068393519829579395	0.08531489792406127	0.019031240300404696	0.12453851074557984	0.02743337723818247	0.030076156546175292	0.015189846024262257	0.009444819405037153	0.024417760992572816	0.06585885315266536	0.3844140618893352
0	wp56_2007.txt.pdf	0.047757853917946305	0.06596462416432063	0.021018954551099645	0.0021877436225782236	0.0024923661523043052	0.0169619363142932	0.16175456328454943	0.13541856094186724	0.08557123789578118	0.02484058265129958	0.051370435694716526	0.11331958105810243	0.0315593201251182	0.014040329324647587	0.02881175272063777	0.0864020266132159	0.11052813096752158
0	policybrief22.txt.pdf	0.05676442762535481	0.03216650898770104	0.0	0.004257332071901609	0.0	0.009933774834437088	0.13978240302743616	0.07663197729422895	0.04470198675496688	0.09082308420056764	0.0510879848628193	0.08088930936613055	0.046830652790917714	0.011352885525070956	0.026963103122043527	0.0468306527909177	0.2809839167455062
0	policybrief32.txt.pdf	0.014059753954305799	0.1335676625659051	0.0	0.0	0.01054481546572935	0.0	0.01054481546572935	0.21265377855887518	0.0	0.06678383128295254	0.0	0.05272407732864676	0.0	0.0	0.0	0.08084358523725835	0.41827768014059746
0	wp34_2006.txt.pdf	0.005648701676054797	0.06127985454629143	0.002567591670933999	0.033680761330487176	0.009243330015362396	0.0	0.004108146673494398	0.32300303220349724	0.08524404347500876	0.05032479675030638	0.006382299296321654	0.13505532189112832	0.002054073336747199	0.0	0.0	0.03132461838539479	0.2500834287489715
0	wp51_2007.txt.pdf	0.006099300898844343	0.1456698530460836	0.0014980739049793123	0.0007490369524896562	0.0	0.0014980739049793123	0.0017120844628334998	0.15751177058068191	0.04119703238693109	0.11042944785276074	0.005885290340990155	0.019688971322585246	0.0010700527892709374	0.0017120844628334996	0.0017120844628334996	0.07105150520759024	0.4325153374233129
0	wp82_2009.txt.pdf	0.33047680342957353	0.058176913140616716	0.10713768162529422	0.008741784269236521	0.00650551387478067	0.003862648863151023	0.0	0.042387488840367804	0.02215940663597166	0.012502784478094098	0.1993721067057182	0.020533028167276486	0.10194578112907504	0.0	0.0	0.024598974339014413	0.061599084501829486
0	policybrief40.txt.pdf	0.09402510818971671	0.041010019229065636	0.23890720504374277	0.019817769210215375	0.010014074462911375	0.16570908932674788	0.07725143157103061	0.0414868799177757	0.03361867855405962	0.003576455165325491	0.1466745799807937	0.044824904738746146	0.05232629018806989	0.0	0.011921517217751636	0.009298783429846276	0.00953721377420131
0	wp138_2014.txt.pdf	0.015933860807739408	0.054310613720978715	0.5389041554905626	0.02300584991275501	0.02269070128381316	0.02647248483111535	0.018121046164156347	0.0255270389442898	0.020169512252278365	0.03167243720865587	0.038205710708642676	0.026472484831115355	0.010593842372891404	0.0037817835473021935	0.014496836931325072	0.024896741686406106	0.10474489930597271
0	wp85_2009.txt.pdf	0.2496560314546081	0.054016145454659756	0.07889573609314579	0.012267688364160013	0.008088231937606667	0.01653121089002066	0.009649118802758835	0.051225468938175575	0.021568618500284457	0.053070153415173585	0.1215030463313238	0.04966458207302341	0.07659624775101019	0.0017027856710750884	0.013395247279124027	0.04029926088211042	0.14187042616173942
0	wp16_2006.txt.pdf	0.006954051708266476	0.09960811130690933	0.023481760079955817	0.020830593619315642	0.0011835564556429343	0.0005681070987086084	0.04024091949185976	0.18397201546513772	0.052360537597643406	0.08625759448725702	0.0055337839614949666	0.0409037111070198	0.00236711291128587	0.0	0.04222929433733989	0.07186554798663898	0.32164330238552374
0	wp11_2006.txt.pdf	0.22878619394453836	0.06311552854835306	0.09488000306886689	0.04096858117535799	0.02222135148127059	0.004547625419422817	0.0	0.03741455458706955	0.027699173009211712	0.03017969596526052	0.1481613617982543	0.02356496808246369	0.07744213869835288	0.0	0.020629682584472602	0.104526481231279	0.07586266040582611
0	2010_post_conflict-out.txt.pdf	0.025916978072543447	0.04162629116666515	0.3076678031692985	0.05060029883845987	0.1676971069247369	0.030629859770361124	0.0061980997419968376	0.024352297211159172	0.02163833637738541	0.01098682600081773	0.02729327886067236	0.012176148605579586	0.009363446993030265	0.005317896228340482	0.0063154602104843515	0.1994418911457294	0.05277798068273915
0	1997wess_clean.txt.pdf	0.021421182958286846	0.07766848331432963	0.2839678725789705	0.016041177785492057	0.013013815577710823	0.012094760805273634	0.06911960292198648	0.11966093137132412	0.027100418726157448	0.03259469525665478	0.027421388492426133	0.07221765300943844	0.00784345765232423	0.002837372733815227	0.006352506587085964	0.04166158833891709	0.16898309188980679
0	wp68_2008.txt.pdf	0.08817894132237436	0.05752079640102976	0.2922239224045256	0.08320500287103351	0.022135099056353906	0.05498236761016356	0.002995345973222203	0.07046678323444777	0.012996755409235321	0.026450428000826573	0.06701452007886963	0.022135099056353913	0.02745408369198446	0.0	0.00786912925168545	0.02203356190471925	0.14233816373317487
0	wp122_2012.txt.pdf	0.059745052470969555	0.04146574692830789	0.2940592345520159	0.06883176783014743	0.08341647335285331	0.009861249756829558	0.002909876977425115	0.11388935169977737	0.0257847432166281	0.028856280026132393	0.0489041717658996	0.07371688342810293	0.01917741572087935	0.0	0.0	0.03217030658375544	0.09721144569027607
0	wp61_2007.txt.pdf	0.012565615553234072	0.18187756945093442	0.018837319693132494	0.018404277861106464	0.0012991254960781032	0.0	0.0	0.09992440274000741	0.02360077984541887	0.06993625587220455	0.008668239064999769	0.01623906870097629	0.004097241949169404	0.0	0.03637551389018689	0.08357707358102463	0.4245975163015267
0	policybrief33.txt.pdf	0.01481758478042396	0.043751606796456864	0.0036459672330380723	0.0	0.0018229836165190364	0.0	0.4584803795545377	0.18472900647392904	0.023698787014747473	0.005468950849557108	0.020894196835487412	0.1962745693785496	0.00813331151985416	0.0	0.0	0.023698787014747476	0.014583868932152291
0	wp96_2010.txt.pdf	0.043802533443826265	0.04776843849887533	0.01837930626257843	0.006126435420859476	0.002130934059429383	0.0343613117082988	0.04288504794601634	0.1502308511897715	0.09509293240203621	0.02956671007458269	0.04593346750325559	0.260506688765242	0.022374807624008515	0.017846572747721084	0.04341778146087365	0.049011483366875816	0.09056469752574878
0	policybrief23.txt.pdf	0.008172657303816552	0.026660318971673414	0.012616043799095453	0.0014282313734825041	0.0	0.0011901928112354205	0.42608902642228036	0.17543442037610094	0.04237086407998096	0.00761723399190669	0.0193604697294295	0.19757200666507974	0.005316194556851543	0.0033325398714591768	0.0	0.016186622232801713	0.056653177814806
0	wp151_2017.txt.pdf	0.012536564981195155	0.04346009193480987	0.0	0.0	0.0	0.0	0.0	0.14260342666109485	0.06989134977016298	0.10091934809862098	0.012536564981195155	0.23129962390305048	0.0	0.0	0.0	0.04701211867948183	0.3397409109903888
0	policybrief41.txt.pdf	0.02634900839518189	0.17512775276797662	0.00958145759824796	0.01140649714077138	0.046310378391531785	0.011178367197955954	0.03752737559313784	0.09900839518189558	0.019961369996349915	0.07505475118627568	0.015170641197225937	0.1900322423652512	0.008783002798393964	0.006387638398831973	0.05892596422922493	0.046310378391531806	0.1628847791702153
0	2001wess_part2.txt.pdf	0.07659348129923023	0.08861262537435448	0.09258002951165645	0.015592275619118537	0.0059184078202059644	0.03260029058975332	0.017787921846364886	0.08133178481469043	0.01663257888330442	0.07721178821056912	0.05726159724377658	0.04573414219812932	0.03211205059060801	0.014278295109520833	0.023429483333912964	0.05297138491013076	0.2693518626446738
0	2001_World_Public_Sector_Report.txt.pdf	0.047044851273936025	0.10522772166635547	0.19908827168228274	0.052228281752667145	0.022322441113640658	0.01725338677741808	0.005002618499574825	0.06050976001876163	0.026228868308527775	0.038463502168899426	0.04043847167768478	0.04629913455981003	0.016760739496430237	0.0033085046650574543	0.008267275512444772	0.1624940841399744	0.14906208668653437
0	wp50_2007.txt.pdf	0.04337282328717075	0.10998977173822651	0.0012822641782953865	0.0033583109431545846	0.003419371142121031	0.0020516226852726185	0.0	0.12967965056494007	0.014104905961249251	0.12386671962333434	0.028101013749794655	0.03983567380571	0.014361358796908325	0.0027354969136968244	0.0029064654708028767	0.059668026430012	0.4212665247093109
0	wp35_2006.txt.pdf	0.004664093794011669	0.12375395533444296	0.0	0.048835805607886904	0.0	0.0027984562764070014	0.0	0.10913979477987305	0.027051744005267678	0.1772355641724434	0.006996140691017504	0.03451429407568636	0.0	0.003731275035209335	0.003731275035209335	0.0760247288423902	0.3815228723501546
0	wp57_2007.txt.pdf	0.12606853366133822	0.014083690856570514	0.10388130375806406	0.10658537240252565	0.0015773733759358976	0.44451883994231584	0.0	0.03492755332429487	0.0247872959075641	0.0	0.027979769107341276	0.017801785242705124	0.017229770721761333	0.0	0.06163023118835261	0.004281442020397436	0.014647038490833332
0	wp32_2006.txt.pdf	0.04815496848117865	0.09488663740133722	0.14876869221138217	0.061635022106717965	0.011521948827305235	0.01330107327858031	0.0	0.20129522362997962	0.07743427373644839	0.046257235733151894	0.03455281260315178	0.045748914461359015	0.014402436034131532	0.0099969850119266	0.004134346343915407	0.062184635582662066	0.12572479455677182
0	wp84_2009.txt.pdf	0.1584361572995479	0.051088906186219044	0.4659634975559948	0.009879942491284028	0.04596516414138021	0.014480140561501037	0.0	0.022945453505147796	0.0020791996703693797	0.012252426628962419	0.10213614773780236	0.0207919967036938	0.04422868969140142	0.0	0.0014108854906077935	0.01997516826176297	0.028366224074325107
0	wp131_2013.txt.pdf	0.007599746675110828	0.1855604813172894	0.0	0.0	0.0	0.0	0.0	0.09151361621279291	0.0015832805573147563	0.0915136162127929	0.0037998733375554147	0.12001266624445855	0.0018999366687777073	0.0	0.0	0.11304623179227358	0.3834705509816339
0	wp83_2009.txt.pdf	0.31641263227978916	0.04075121389215747	0.11341820149631437	0.03195971604868688	0.020465764498937482	0.0046881927486552835	0.0	0.05481579213812333	0.007392919334417949	0.0099173308144631	0.19759652720695597	0.046881927486552843	0.10304777118543287	0.0021637812686101307	0.0	0.01803151057175109	0.03245671902915196
0	policybrief15.txt.pdf	0.15229298678981854	0.21501449897970148	0.003141445601976158	0.0020942970679841055	0.0	0.0017452475566534212	0.029320158951777475	0.011169584362581897	0.03839544624637526	0.01466007947588874	0.15264203630114917	0.011169584362581897	0.04618193534529054	0.0	0.2516646976694233	0.028622059929116102	0.041885941359682106
0	wp27_2006.txt.pdf	0.22089234807004837	0.06906421105027379	0.001272682021810942	0.00636341010905471	0.0	0.0	0.0	0.12955902982035394	0.0481073804244536	0.04505294357210734	0.14751798723924162	0.06057966423820084	0.07330648445631031	0.0	0.0	0.043525725145934224	0.15475813385221052
0	CDP_PN_2007_Partnerhips.txt.pdf	0.14857444911080264	0.08365553504745346	0.05050054870117885	0.01589306177691988	0.00465641941446231	0.0042243804997183845	0.0	0.03974758015644119	0.007392665874507172	0.07287056362014213	0.09698596651946688	0.01017691665841247	0.05034053428831073	0.002688242136184427	0.01879849322374681	0.05581302720840049	0.3376816157638523
0	wp42_2007.txt.pdf	0.08509898048262163	0.06325418445380414	0.03674323949890093	0.0468934568139361	0.05720782858689638	0.013953128923633264	0.0	0.22325006277813234	0.03441771801162872	0.033952613714174275	0.058947904105344825	0.06697501883343966	0.035777253650341685	0.003720834379635537	0.009581148527561508	0.07023074891562077	0.1599958783243281
0	wp20_2006.txt.pdf	0.25888755493488674	0.03341813963180797	0.0636824802421023	0.0038209488145261386	0.002911199096781819	0.008278722431473299	0.04375896142350172	0.11717576364546828	0.05440303312111024	0.015465745201653412	0.17331431930504457	0.05240158374207274	0.09069504878435668	0.0020924243508119327	0.0019104744072630689	0.022834717915382396	0.05494888295175683
0	UNTT_MonitoringReport_WEB-out.txt.pdf	0.030052022221192343	0.07063942878795057	0.29988006229199693	0.02589795478040073	0.06688403519828158	0.032553082660826786	0.014888471801067374	0.05961093115753028	0.025555691060835956	0.02789449314452855	0.031318248849063667	0.047118305393416285	0.010534116702160057	0.009583384147813484	0.02115189786910261	0.13677238526829835	0.08966548866553425
0	2010_parliament-out.txt.pdf	0.04113215721540443	0.016710184029908724	0.03459714158305047	0.15365794446013542	0.09037620658429507	0.014062443602634464	0.0	0.02224101958910387	0.1285625074132062	0.01606295859213057	0.034701743674004505	0.007766705253337856	0.026948113682035903	0.004707094092932035	0.005707351587680092	0.10353645715245088	0.2992299714876896
0	PN_InvestmentTechnologyPolicyNote.txt.pdf	0.05967211499904425	0.06446214849489575	0.00400586208503995	0.060229546799903735	0.009254922748195745	0.0027626635069241032	0.0	0.10774387677004005	0.08674763411741684	0.1041524142110387	0.03735846104272707	0.05428633791105862	0.01918988574424972	0.0016575981041544621	0.0026245303315778983	0.13168696049671555	0.25416504263701756
0	wp45_2007.txt.pdf	0.08474374994691794	0.06332500739184471	0.24512395614319235	0.054429510429167834	0.03920559079049444	0.00846619215859315	0.007674959246575098	0.1433714036576709	0.027534905338228183	0.023657864069339736	0.06597342983279564	0.045258522567432534	0.02887391488164336	0.0003956164560090257	0.0003956164560090257	0.03623846737042675	0.12533129326365935
0	policybrief4.txt.pdf	0.2306554953178906	0.08477082306554953	0.0	0.0	0.0	0.0	0.0	0.03696402168555939	0.0	0.03844258255298177	0.2306554953178906	0.05322819122720552	0.1153277476589453	0.0	0.0	0.05027106949236077	0.1596845736816166
0	wp114_2012.txt.pdf	0.06235956737672304	0.0909841915736108	0.1287112572174959	0.024157871555751834	0.006588510424295956	0.17498769948338413	0.01811840366681388	0.04047227832067515	0.02823647324698267	0.050355043957119094	0.03419999084337595	0.045648965082621965	0.018697613374444293	0.0	0.03694271916480232	0.04517835719517227	0.19436105751673066
0	2009wess.txt.pdf	0.042895819761191244	0.05059911186150441	0.09481766878995486	0.010484408879115809	0.0048429376818352665	0.04345778894011615	0.20570424191887263	0.10912010697063922	0.051895509994470776	0.03077531827373151	0.045522030150533195	0.11306125625654655	0.025480541636044473	0.007845187938237358	0.025186244796229565	0.038674228272004535	0.09963759787897215
0	2004wess_part2.txt.pdf	0.017783751838725034	0.06762226293311055	0.19770284388926065	0.05686644708579227	0.050097197097366354	0.02809555709461431	0.0022353989711381035	0.08818562297768844	0.026790130305267515	0.06337096153063604	0.019852727582007332	0.02431212989540123	0.0065351317963624036	0.022094059598458	0.012448919541593906	0.13105676293579444	0.1849500949267834
0	2013_UNTT_mdg8-out.txt.pdf	0.014693856399294509	0.057825710047544186	0.06573661142210806	0.010658201851922856	0.007944001380315173	0.003972000690157586	0.005858701017982439	0.018370503191978842	0.02323620403742188	0.056203809765729855	0.014121421005712972	0.006355201104252137	0.009232355450327826	0.002383200414094552	0.009930001725393966	0.1055228183351865	0.5879554021605767
0	wp113_2012.txt.pdf	0.10616479079418942	0.04689268586275457	0.09175412914482055	0.01288388151179643	0.0013928520553293437	0.05420515915323359	0.07347294591862288	0.09471393976239538	0.12953524114562898	0.016366011650119788	0.12037821290425484	0.10481211716353314	0.046794471935776225	0.03395076884865276	0.007660686304311389	0.0255936565166767	0.03342844932790425
0	wp91_2009.txt.pdf	0.1929724112985712	0.022598284410859582	0.041068036092812135	0.024555731153623108	0.12635483062418124	0.02346744919589266	0.0034766591401322443	0.017383295700661217	0.0	0.0013037471775495914	0.12357642019238718	0.021729119625826524	0.06626267172050122	0.003911241532648774	0.15975248748907658	0.16376513157997918	0.007822483065297548
0	wp7_2005.txt.pdf	0.00944887246362379	0.11588547991255117	0.0024500101461427306	0.009394450669621239	0.013352555296477883	0.0005512522828821144	0.0	0.1910395411454795	0.011821298955138677	0.13064679104306112	0.006787641745790884	0.03558639737272316	0.0031237629363319833	0.0007350030438428193	0.0007350030438428193	0.06259775923394675	0.40584418070854333
0	WP148_2016.txt.pdf	0.030421552415940405	0.08674126564598025	0.3542894155335212	0.006382650427508801	0.026158403391429507	0.0339187297308869	0.0016741378170514888	0.012556033627886164	0.025530601710035194	0.022391593303063662	0.0372883897611259	0.014439438672069087	0.010785310936774017	0.010044826902308934	0.005231680678285901	0.09668145893472349	0.22546451051140923
0	PN_MacroGrowthPolicyNote.txt.pdf	0.026569234808398727	0.20317892514168942	0.03267858757982307	0.003708208519696233	0.014253426497582395	0.005655017992536754	0.0007416417039392467	0.12478121668777824	0.01580623881520519	0.04686248516766115	0.01915788882339217	0.03782372690090157	0.011409872368296105	0.00037082085196962327	0.009066569830657288	0.11704033140291234	0.33089580690756054
0	wp48_2007.txt.pdf	0.05772570823899807	0.15530499193281522	0.02570188246775463	0.024061336778323485	0.0054684856314371555	0.0016405456894311467	0.0	0.06562182757724591	0.016405456894311467	0.09023001291871306	0.030857215503203504	0.017499154020598907	0.015241650977877405	0.00246081853414672	0.05238809234916794	0.06616867614038958	0.37322414434558576
0	wp129_2013.txt.pdf	0.06470700515365528	0.10498186676846728	0.0	0.0	0.0	0.0	0.0	0.3807978621874403	0.0	0.06871540370299677	0.042947127314372974	0.07444168734491316	0.020041992746707392	0.0	0.0	0.04581026913533117	0.19755678564611567
0	WP144_2015.txt.pdf	0.1312466055646674	0.04817947034507998	0.2187409328788089	0.03436800498757962	0.07070413992042311	0.023844234686705188	0.001473002915008815	0.05155510202530851	0.010311020405061702	0.01095545918037806	0.13564804417688403	0.017399846933541623	0.057232300760238296	0.004787259473778649	0.011747198247195292	0.12861156701670717	0.04319581048263349
0	2013_rwss.txt.pdf	0.08462932717580014	0.05291971496474726	0.3788257336440247	0.08462453803087197	0.056134893267452544	0.02283836543811763	0.0010599488910017477	0.07512917739420387	0.014542498784543981	0.017979761616792496	0.07927119547076944	0.014500100828903907	0.030877670103715525	0.002692270183144439	0.006618320875414913	0.0365187724579802	0.04083771087251536
0	WP143_2015.txt.pdf	0.07236452685697584	0.074838477310066	0.0	0.0	0.0	0.0	0.0	0.216743743901845	0.0	0.04835716995419648	0.05071893649652598	0.30741343756596345	0.022318693825013763	0.0	0.0	0.1312551755899619	0.07598983849945162
0	wp107_2011.txt.pdf	0.04138096703704437	0.0850107451538882	0.15088087222188545	0.0333943844887691	0.3520836551454459	0.009938035203216298	0.006279631352316943	0.03496227185344027	0.013464434791454344	0.014684800729935506	0.03077277910092228	0.04237336831428279	0.01718521428295192	0.00367726160270812	0.04961474500884645	0.09166753154238037	0.022629302170511505
0	policybrief43.txt.pdf	0.0035389878494750497	0.03774920372773387	0.005898313082458417	0.0017694939247375249	0.0	0.0	0.37070897723251145	0.15807479060988555	0.06399669694467382	0.011796626164916833	0.009437300931933467	0.1604341158428689	0.0017694939247375249	0.0	0.0	0.08670520231213869	0.08812079745192877
0	wp89_2009.txt.pdf	0.20760264162795364	0.06708019328758413	0.12548921370965843	0.07338872658173858	0.04037298086181384	0.004578379272989197	0.012278380777561937	0.07054866243378807	0.005618920016850377	0.008740542248433921	0.137148920035893	0.0466162253249809	0.06984429639178975	0.0016648651901778897	0.0	0.04078919715935831	0.08823785507942813
0	wp76_2009.txt.pdf	0.08192838547166276	0.09262851204475948	0.04775314552987114	0.014337506163932265	0.007689065805657219	0.15193773893167095	0.0082286493709665	0.030756263222628883	0.005395835653092786	0.057060962031456205	0.06509672858948409	0.025630219352190738	0.033713596224804764	0.0016187506959278357	0.0213135508297165	0.06758284155498714	0.28732824852719085
0	policybrief21.txt.pdf	0.09312233718807064	0.0231284236153378	0.0191722458916616	0.0	0.0	0.013694461351186855	0.14059646987218505	0.06208155812538041	0.08216676810712112	0.08399269628727937	0.09586122945830798	0.07942787583688375	0.06025562994522218	0.018259281801582473	0.018259281801582473	0.056603773584905655	0.1533779671332928
0	wp133_2014.txt.pdf	0.039500337609723164	0.054017555705604334	0.0060769750168804875	0.012153950033760975	0.0	0.0	0.0	0.14787305874409182	0.04659014179608373	0.1397704253882512	0.039500337609723164	0.024307900067521947	0.020256583389601623	0.0	0.0	0.04659014179608374	0.42336259284267386
0	CDP_PN_2007_Climate_change.txt.pdf	0.06279741930485526	0.030682667970643014	0.042827185943587726	0.002638641787993556	0.005074311130756838	0.03548634917442618	0.1785142655800256	0.11508537644556509	0.0728671078376682	0.03075032545238644	0.06953597182477134	0.1178255044561738	0.04851041441003539	0.02486412454070851	0.02021605554493524	0.04780001085172942	0.09452426774373844
0	policybrief31.txt.pdf	0.018372703412073494	0.06824146981627296	0.007874015748031496	0.0	0.0	0.0	0.13385826771653545	0.23359580052493445	0.023622047244094488	0.05511811023622048	0.007874015748031496	0.10236220472440945	0.0	0.0	0.0	0.049868766404199474	0.2992125984251968
0	2016wess.txt.pdf	0.11342699564943114	0.05836493170841738	0.18803182984499672	0.020052543991993216	0.029933110418893003	0.07255304070263568	0.036420162212461145	0.05121064030179649	0.04097963290165475	0.013752549802364466	0.09888623574062351	0.04761496016479015	0.06072165623913566	0.00910040694469131	0.038221709167703496	0.05258836653985905	0.06814122766855282
0	2002wess_part2.txt.pdf	0.013650518489953445	0.06926745792808182	0.6444231038332188	0.043526376818989757	0.031208491304734375	0.023163111890398266	0.016467488746666103	0.02146667164618032	0.014006032534006535	0.010858142053591207	0.03834438740789872	0.017396601795951684	0.004702990335390647	0.0014838074070680192	0.0021272528620956467	0.017764086807982547	0.030143478137792088
0	wp134_2014.txt.pdf	0.04810687135472755	0.12418932507600533	0.03612516582234266	0.0582993926785665	0.006165941957628769	0.004497510604388043	0.033223546077576195	0.12912207864210837	0.03830138063091753	0.044394782094927136	0.036445963299403576	0.04918245467379183	0.01894236889788578	0.0018860528340982118	0.026549820664613293	0.06398071537210086	0.2805866293189186
0	wp39_2007.txt.pdf	0.02692080689216578	0.12312014164992885	0.005353049636953429	0.006958964528039457	0.0074942694917348	0.004550092191410414	0.0	0.07280147506256661	0.03265360278541591	0.14212346786111357	0.01808827499119263	0.020341588620423026	0.010712962158056793	0.0032118297821720565	0.01445323401977426	0.09260775871929433	0.4186084816097581
0	policybrief17.txt.pdf	0.06546872971724911	0.056158614569745	0.01307140166709582	0.0	0.0	0.00653570083354791	0.09948789046622929	0.055916551575909905	0.058095118520425856	0.06099987444644715	0.07771020111976745	0.06463081935397379	0.05820683990219588	0.00871426777806388	0.00871426777806388	0.13942828444902208	0.22686143782226306
0	2008_public_sector_report-out.txt.pdf	0.14142352322443064	0.05165402029640157	0.08929065243733111	0.029120916390085662	0.03732831566932451	0.014441323303928921	0.0018829327373022105	0.01972124288016525	0.019192700357413762	0.024430934288254488	0.09253549894884992	0.008621849902383807	0.049288284293124436	0.0048890183354513535	0.004816343738573024	0.3064929999015476	0.1048694432954315
0	wp70_2008.txt.pdf	0.12872712997857919	0.2832627725836502	0.17016288512018435	0.043478805172298934	0.06669701024811243	0.004788503299864483	0.008550898749758003	0.028731019799186904	0.0010261078499709606	0.010261078499709605	0.09441198207821044	0.02804694789920625	0.04617485324869322	0.0	0.008550898749758002	0.022574372699361134	0.054554734023456064
0	policybrief38.txt.pdf	0.02990033222591364	0.1096345514950166	0.0681063122923588	0.029900332225913616	0.03654485049833887	0.0	0.0	0.046511627906976744	0.013289036544850495	0.09136212624584715	0.029900332225913612	0.00830564784053156	0.02990033222591364	0.0	0.04318936877076412	0.05315614617940198	0.4102990033222592
0	policybrief28.txt.pdf	0.057307567901756916	0.07447663682778932	0.31582966318326555	0.018271137539527756	0.013572845029363477	0.06960433348391519	0.0036542275079055517	0.03393211257340869	0.004176260009034915	0.02088130004517458	0.08060795973321071	0.019837235042915853	0.029233820063244424	0.0	0.04385073009486661	0.08509129768408644	0.12967287328053415
0	wp149_2017.txt.pdf	0.048572787133388994	0.03846806923244478	0.0765533716068553	0.020473604178532966	0.0032535182932913495	0.17327377204639163	0.020525872762088074	0.10248582623867752	0.04129097481044757	0.016028362180185326	0.03998167256585558	0.09315588407409202	0.015611244450276174	0.1812879531364842	0.038707298518716224	0.028819154686164066	0.061510634086108226
0	policybrief6.txt.pdf	0.18208805293695388	0.06283064865774118	0.3439978014011328	0.0	0.021990727030209416	0.021990727030209416	0.0	0.0157076621644353	0.02513225946309647	0.012566129731548236	0.1541222544167435	0.0157076621644353	0.09988462094307575	0.0	0.0	0.012566129731548236	0.03141532432887059
0	wp65_2008.txt.pdf	0.27689310386261073	0.04093506354046772	0.1556113053736929	0.026700457739320508	0.02085462456967091	0.018628840972907894	0.006435417790640907	0.036580269546800936	0.0035806083947926837	0.008951520986981711	0.17714378023016078	0.03174160955383785	0.09196059418933764	0.0003870927994370469	0.01092569426411065	0.06276709742871714	0.029902918756511875
0	wp10_2005.txt.pdf	0.012448132780082988	0.21576763485477182	0.02400711321873148	0.005334914048606996	0.042679312388855965	0.01066982809721399	0.02222880853586248	0.16182572614107882	0.04001185536455247	0.03200948429164197	0.007113218731475994	0.07291049199762892	0.0	0.021339656194427986	0.002667457024303498	0.11470065204505042	0.21428571428571427
0	wp101_2011.txt.pdf	0.041019185524634474	0.1155831237563291	0.04292333917020553	0.06634392736321927	0.01260996715253733	0.00919785839361546	0.0	0.10701164281604225	0.015428665692516259	0.09740404879506143	0.028427899804915734	0.03728594209024764	0.013394840925028094	0.007912136252572442	0.017268237371239357	0.07338506374260942	0.31480412114922607
0	2009_ageing-out.txt.pdf	0.02222752003928766	0.026542509535773133	0.2813633008445234	0.04908992902904023	0.27745812300612605	0.006095887357498135	0.0	0.05625996040357655	0.018986149165541064	0.0375278065445979	0.029347855133254237	0.00774685685015388	0.010171209487791353	0.0	0.0	0.08654890071114539	0.09063399189169104
0	policybrief16.txt.pdf	0.08916493851531564	0.14176381391709475	0.05168472382394077	0.0050629933541819555	0.0016876644513939849	0.03593318894426358	0.01814239285248534	0.01476706394969737	0.04767652075188008	0.017298560626788344	0.08527180347403167	0.020673889529576318	0.05414590114889038	0.004641077241333459	0.3022185116333779	0.04303544351054664	0.06683151227520182
0	wp106_2011.txt.pdf	0.016716583381899738	0.10436252479866923	0.34664052948763885	0.043872603464351345	0.03525810526841899	0.009680852616601782	0.0006600581329501215	0.12794126810349857	0.04543400148473337	0.02937258691628041	0.023158449878292728	0.023322054030904295	0.005793843611451067	0.0	0.0	0.047194156505933685	0.1405923823183759
0	wp135_2014.txt.pdf	0.1598092038097091	0.06033731930609577	0.04422663301714853	0.011121971847350436	0.0014928821271611324	0.025254589317809162	0.08304156832333799	0.06494037253150925	0.03414967865881089	0.027245098820690674	0.10033468255651672	0.050757992323478496	0.054834708901495464	0.013809159676240475	0.009703733826547361	0.0737110550285809	0.18522934992751744
0	1995wess_clean.txt.pdf	0.016621935707438286	0.0982119550221982	0.08832343759571323	0.03401232993971814	0.03377072613953741	0.018172041151285935	0.019362370826699022	0.1330047060264858	0.03822714482187291	0.06659016421880616	0.01559266976615093	0.08628914466683105	0.005812051075913609	0.008239618122019312	0.010841756846877276	0.06683408423425966	0.2600938638381931
0	2007_rwss.txt.pdf	0.05664481248284752	0.05698862783704005	0.254436765716878	0.07297109913120718	0.08554951725536966	0.013324962998934093	0.0023375397710935428	0.18123330503731588	0.024070741820058184	0.030793810546865214	0.043327005020566876	0.03469323267857188	0.018017871877252508	0.003195623990862058	0.005669273672677505	0.05011704995298574	0.0666287602094739
0	2006wess.txt.pdf	0.019381415620763818	0.10228150290013392	0.058010247435920065	0.019094601685256715	0.004589318322476792	0.004992167263004016	0.008799484700927961	0.1608078182598666	0.05666741763416265	0.09251081748544196	0.015231890837281688	0.0646296084587007	0.006727921622138405	0.0036651354589143396	0.009794758553995213	0.07698574903455785	0.2958301447264574
0	wp132_2014.txt.pdf	0.013635969108790958	0.1583829130739106	0.004791415857698134	0.006388554476930846	0.0029280874685933046	0.006322007034462816	0.002129518158976949	0.13775320590882134	0.030878013305165757	0.07706193837797834	0.007247414631860119	0.06361935499943636	0.0034911812125535567	0.0031942772384654233	0.012085015552194182	0.07639646395329801	0.3936946696408633
0	wp77_2009.txt.pdf	0.029701556475796084	0.1867770955304869	0.008567756675710409	0.010281308010852488	0.023275738969013277	0.014850778237898042	0.0	0.09453091532200483	0.02541767813794088	0.051406540054262456	0.027416821362273313	0.025132086248750532	0.022276167356847062	0.0	0.029415964586605736	0.1282307582464657	0.32271883478509206
0	wp88_2009.txt.pdf	0.13072807143284776	0.12911293897727677	0.02656527284266977	0.01447143658175164	0.005570137854108179	0.010604685529936727	0.0004284721426237061	0.07219755603209449	0.05227360140009214	0.07134061174684707	0.08228700865749614	0.04827452806893755	0.04366570591943387	0.011782983922151918	0.014596617658714258	0.0802909187260978	0.2058094525069202
0	wp1_2005.txt.pdf	0.03164568329172579	0.16595125630848256	0.0028736148278525114	0.0028736148278525114	0.025593132060561432	0.012572064871854739	0.008980046337039098	0.09141687171105796	0.022090913989116185	0.0831552290809821	0.021947233247723557	0.03125056125289607	0.019935702868226803	0.0	0.018858097307782106	0.11638140052802677	0.3444745774888197
0	wp49_2007.txt.pdf	0.22295162769074633	0.0416955037507222	0.024446009633986885	0.010049815295959672	0.008120990972160047	0.0009964406100809872	0.00019928812201619746	0.22403306383320862	0.03700116132100734	0.021822049360773626	0.1408261648909421	0.07430125482503894	0.07482076659610683	0.0	0.007466661638206863	0.023881359954941003	0.08738784150410257
0	policybrief7.txt.pdf	0.04469273743016759	0.1005586592178771	0.0	0.0	0.10055865921787709	0.0	0.0	0.0	0.0	0.022346368715083796	0.04469273743016759	0.0	0.022346368715083796	0.0	0.0	0.5083798882681563	0.15642458100558657
0	wp6_2005.txt.pdf	0.02593659942363112	0.10182516810758886	0.0	0.006243996157540827	0.002881844380403458	0.0	0.0	0.24495677233429392	0.008645533141210375	0.08597502401536984	0.0038424591738712775	0.09798270893371759	0.0	0.0	0.0	0.0682036503362152	0.3535062439961575
0	policybrief29.txt.pdf	0.10364683301343565	0.04606525911708254	0.04222648752399233	0.04222648752399233	0.0	0.0	0.0	0.0652591170825336	0.0	0.11516314779270634	0.06909788867562382	0.0	0.03454894433781193	0.0	0.08445297504798466	0.00959692898272553	0.38771593090211137
0	policybrief39.txt.pdf	0.02941176470588235	0.11274509803921569	0.034313725490196074	0.034313725490196074	0.0	0.0	0.0	0.034313725490196074	0.019607843137254898	0.17892156862745096	0.0	0.0	0.0	0.0	0.07352941176470587	0.07352941176470587	0.409313725490196
0	WP142_2015.txt.pdf	0.07142778055321303	0.08449798824082719	0.02182200403860985	0.016889633262759683	0.005380768119109278	0.01046260467604582	0.0029893156217273772	0.1282416401721044	0.04035576089331959	0.07609943482740268	0.10746251502234157	0.058590586185856594	0.043368071250598696	0.005978631243454755	0.024811319660337228	0.07473289054318445	0.2268890556891079
0	PN_TradePolicyNote.txt.pdf	0.03299830788289037	0.10279326582300381	0.16229814789547958	0.010694329549538842	0.01993031317487565	0.03894326969285281	0.02759468008251157	0.06378587980466885	0.013198098999249503	0.08062381328128983	0.02716635267736748	0.038203465937289474	0.011009038655864722	0.026100276496273677	0.0176102885974291	0.05777374128445766	0.26927673016495707
0	2016_GSDR.txt.pdf	0.07399260582332355	0.0582884766291262	0.262279028283817	0.040812596782617803	0.057540807225531246	0.06794870517330179	0.021053690705775778	0.03688219182960962	0.04516602897171269	0.017863958250179165	0.069389491178985	0.019855720411379334	0.028678742219536448	0.004740903718249751	0.011859905914524778	0.09338560775765287	0.09026153912467721
0	2003wess_part2.txt.pdf	0.20468880236833373	0.07671276446705994	0.10562705235373207	0.02165755914429885	0.010875659880734837	0.008836271172089445	0.005112240480130941	0.07152277128000685	0.01668767472316507	0.042062826003684654	0.13475353300675	0.027699401841013653	0.06948699607857417	0.0013995487245985847	0.021481129104915214	0.040603111493967704	0.14079265787694448
0	2010_YouthReport-out.txt.pdf	0.05712462636308755	0.0378525030981703	0.1378136416626139	0.13092163874135082	0.08628391405981592	0.05568884576618201	0.03983827180137233	0.08873863465546791	0.0388874314125427	0.005569207991716446	0.057605233882019255	0.04983179833703077	0.04459595667734775	0.016979292657672083	0.01704526933771332	0.0870568761446128	0.04816685741128419
0	wp118_2012.txt.pdf	0.03273974267237307	0.2025408740498724	0.005265360677206388	0.006318432812647666	0.0	0.0	0.0	0.026326803386031945	0.006318432812647666	0.1032010692732452	0.020102877047077732	0.01263686562529533	0.011678299963547507	0.0	0.010530721354412777	0.12426251198207078	0.4380780083435715
0	WP145_2015.txt.pdf	0.10522258037112488	0.021253848854039272	0.04094491470410508	0.023910579960794185	0.08063960300503138	0.11439571589085845	0.01562783003973476	0.06844989557403824	0.049227664625164494	0.04469559391364143	0.07622774637073701	0.11908406490277883	0.03793956277338685	0.05547879664105839	0.034224947787019115	0.08673445672052793	0.0259421978659597
0	wp128_2013.txt.pdf	0.13876080651497383	0.08201807052687594	0.1270202576011278	0.0268654907543874	0.00418330189704313	0.006845403104252396	0.0	0.06655253018023165	0.023388460606195687	0.03707926681470047	0.09340757312768332	0.010458254742607828	0.047361998400788995	0.0	0.02129680965767413	0.10103307914979928	0.21372869692165813
0	2009_cdp_policynote.txt.pdf	0.05461205170987381	0.053117179945319	0.05478212694057167	0.011186602392066319	0.0023362965901126153	0.02975421404419284	0.1373581271083451	0.09756052312504745	0.05083459132279517	0.037380745441801845	0.05302009246544694	0.0973188372708979	0.03952906414535369	0.004511469277458843	0.026214858980091207	0.1073890811937971	0.1430941380468285
0	wp154_2018.txt.pdf	0.07097266483679802	0.08297117996408263	0.06107600747356085	0.014214673294791985	0.03457132498503441	0.02098287363675006	0.01296424686938791	0.012099963744762049	0.04119749560716603	0.020598747803583024	0.05825785352446026	0.017717804054830144	0.04570358711162562	0.0	0.004839985497904821	0.2651908720727015	0.23664071952256063
0	wp63_2008.txt.pdf	0.10205408327275803	0.01840592252666251	0.10978335680273109	0.018623619784099207	0.006992801274893435	0.3989036844705615	0.0018116065478998532	0.018260994002830523	0.0029710347385557595	0.012391388787634997	0.0436480776175176	0.05101484038885987	0.020412625164336205	0.0	0.043840878459176454	0.011050799942189106	0.1398342862192939
0	wp64_2008.txt.pdf	0.013480116827679174	0.2835317906088519	0.0	0.0	0.0	0.0	0.0	0.053920467310716695	0.0	0.05931251404178837	0.013480116827679174	0.020220175241518763	0.0	0.0	0.0	0.15569534935969442	0.40035946978207143
0	policybrief42.txt.pdf	0.017735416540990527	0.07600892803281656	0.21472522169270686	0.026663449357543587	0.007600892803281655	0.022169270676238167	0.02596971707787899	0.10514568377872954	0.02660312481148579	0.03293720214755384	0.016890872896181457	0.02533630934427219	0.0038004464016408277	0.0	0.0	0.13364903179103574	0.2647644326476444
0	wp100_2010.txt.pdf	0.2977495707387734	0.08060747374470195	0.05022984307232586	0.01959882678108254	0.009663907168277464	0.002472162298861677	0.0	0.05933189517268023	0.021125750553908876	0.01944018535013955	0.1848791304271089	0.01820410420070871	0.09880293402128879	0.0008989681086769733	0.008292980802545077	0.07341572887528616	0.05528653868363387
0	2013wess.txt.pdf	0.06283838901048594	0.08143942917796737	0.14390971041134085	0.019177684656146728	0.014812968396619166	0.0575390045018547	0.0948202221202192	0.08110770034221192	0.03523342999764327	0.02370949832696224	0.07846665732360984	0.08200719583916423	0.03181897846038504	0.005884997134315754	0.023834716849030373	0.06504117971047833	0.09835823774156507
0	wp38_2007.txt.pdf	0.03971702584811852	0.1798071883619781	0.003175942185741461	0.004886064901140709	0.005008216523669226	0.0	0.0	0.2651911725094118	0.03774485136131197	0.026018295598574277	0.026361781785000628	0.05252519768726262	0.013142261746914373	0.0	0.004886064901140709	0.0957668720623579	0.24576906452737768
0	wp71_2008.txt.pdf	0.0265918061878442	0.06649992674239825	0.32200240770687727	0.010338444435288913	0.015037276252326042	0.046292766682553485	0.013069046376367138	0.01999721553974249	0.07998886215896996	0.04723751702301375	0.04002942183283536	0.04361597405124936	0.02307640183457597	0.0415690149802521	0.04218835131455383	0.04613530829247678	0.11633025858867516
0	2011_youth_report-out.txt.pdf	0.030927204188394924	0.022502227658670923	0.12616684373265363	0.23856746910109766	0.13468681647412928	0.007060395529666533	0.003948280050927748	0.2046871500086227	0.01600092441691771	0.007866873785683105	0.029642077740445916	0.026955175084529288	0.011617245062128266	0.005046673749306144	0.003977966367100138	0.08460600109130888	0.045740675958417125
0	policybrief30.txt.pdf	0.06732117812061711	0.18232819074333798	0.0	0.0	0.0673211781206171	0.03366058906030855	0.0	0.011220196353436183	0.0	0.05890603085553996	0.056100981767180924	0.0070126227208976155	0.056100981767180924	0.0	0.03927068723702665	0.12061711079943899	0.300140252454418
0	CDP_PN_2017_productive_capacity.txt.pdf	0.020059404586339306	0.09257866621213755	0.16454745404604051	0.0244223077266643	0.02824478251919785	0.009999543023478757	0.009318945854341463	0.06894972859644777	0.021360280385232116	0.090048240839704	0.020698476826287955	0.035391052795139474	0.0070663974326207754	0.0033506322172913118	0.008941999729896188	0.1376725914698498	0.2573494957393307
0	policybrief20.txt.pdf	0.08519786720579747	0.04299046791910188	0.20649519836552213	0.05497141799491717	0.0070476176916560475	0.2520697927715647	0.04616189588034711	0.04228570614993629	0.014095235383312098	0.009866664768318467	0.05769436119396611	0.05567617976408279	0.029247613420372603	0.0	0.052504751802837556	0.010571426537484073	0.03312380315078343
